donation_id,donation_date,food_category,source,weight_kg
0,2025-05-26,Bakery,Community Drive,7.7
1,2025-03-05,Fresh produce,Individual,26.5
2,2025-08-05,Frozen,Supermarket Co,1.1
3,2025-05-28,Beverages,Community Drive,40.7
4,2025-03-30,Dairy,Corporate Gift,20.5
5,2025-08-26,Dairy,Community Drive,7.1
6,2025-08-24,Frozen,Community Drive,44.0
7,2025-06-22,Beverages,Local Farm,34.8
8,2025-04-24,Dry goods,Individual,40.7
9,2025-04-25,Bakery,Corporate Gift,7.2
10,2025-04-22,Dry goods,Community Drive,43.3
11,2025-05-15,Beverages,Individual,38.1
12,2025-07-22,Bakery,Corporate Gift,22.6
13,2025-06-13,Dry goods,Individual,18.1
14,2025-06-08,Dairy,Supermarket Co,3.7
15,2025-02-07,Beverages,Community Drive,7.4
16,2025-02-10,Frozen,Community Drive,26.8
17,2025-03-04,Dry goods,Individual,17.2
18,2025-01-14,Dry goods,Local Farm,20.9
19,2025-04-06,Canned goods,Community Drive,23.7
20,2025-04-19,Canned goods,Individual,24.4
21,2025-01-13,Beverages,Local Farm,34.3
22,2025-02-05,Canned goods,Individual,21.0
23,2025-06-28,Dairy,Local Farm,14.3
24,2025-03-09,Fresh produce,Corporate Gift,23.8
25,2025-01-23,Beverages,Individual,26.2
26,2025-06-07,Bakery,Local Farm,45.2
27,2025-01-29,Dairy,Individual,8.8
28,2025-03-08,Canned goods,Corporate Gift,36.3
29,2025-02-15,Dairy,Community Drive,38.7
30,2025-07-22,Fresh produce,Corporate Gift,10.6
31,2025-04-10,Fresh produce,Individual,5.7
32,2025-05-20,Dairy,Supermarket Co,1.9
33,2025-02-26,Frozen,Corporate Gift,34.2
34,2025-07-07,Frozen,Corporate Gift,15.9
35,2025-07-26,Canned goods,Local Farm,1.4
36,2025-05-31,Fresh produce,Community Drive,41.1
37,2025-03-29,Canned goods,Corporate Gift,48.1
38,2025-05-02,Canned goods,Local Farm,27.2
39,2025-01-14,Dry goods,Individual,10.7
40,2025-03-05,Fresh produce,Supermarket Co,38.3
41,2025-07-02,Fresh produce,Local Farm,22.0
42,2025-06-07,Dairy,Local Farm,46.7
43,2025-01-16,Canned goods,Individual,18.8
44,2025-08-03,Canned goods,Local Farm,15.7
45,2025-03-17,Fresh produce,Local Farm,38.0
46,2025-01-30,Frozen,Corporate Gift,45.4
47,2025-02-22,Frozen,Supermarket Co,39.6
48,2025-04-25,Fresh produce,Corporate Gift,9.7
49,2025-01-07,Canned goods,Corporate Gift,20.4
50,2025-07-14,Bakery,Local Farm,45.7
51,2025-09-01,Frozen,Individual,34.6
52,2025-03-03,Canned goods,Local Farm,49.8
53,2025-07-11,Beverages,Individual,23.3
54,2025-05-30,Fresh produce,Corporate Gift,23.4
55,2025-07-02,Canned goods,Corporate Gift,24.1
56,2025-03-25,Dry goods,Community Drive,20.5
57,2025-05-11,Dry goods,Corporate Gift,46.9
58,2025-05-24,Frozen,Local Farm,22.5
59,2025-06-15,Dairy,Supermarket Co,31.9
60,2025-01-10,Dry goods,Individual,41.8
61,2025-05-01,Fresh produce,Individual,38.8
62,2025-06-20,Frozen,Community Drive,37.4
63,2025-03-30,Fresh produce,Corporate Gift,13.9
64,2025-07-31,Beverages,Individual,34.2
65,2025-06-25,Frozen,Community Drive,37.4
66,2025-03-17,Beverages,Corporate Gift,41.0
67,2025-08-02,Fresh produce,Community Drive,29.4
68,2025-03-10,Canned goods,Individual,36.8
69,2025-01-27,Beverages,Individual,49.7
70,2025-07-16,Fresh produce,Individual,14.6
71,2025-01-16,Beverages,Local Farm,4.6
72,2025-08-09,Frozen,Corporate Gift,16.5
73,2025-06-30,Canned goods,Corporate Gift,36.2
74,2025-05-07,Bakery,Corporate Gift,18.4
75,2025-01-24,Fresh produce,Corporate Gift,21.4
76,2025-06-12,Dry goods,Community Drive,11.4
77,2025-05-23,Fresh produce,Individual,24.4
78,2025-08-05,Bakery,Local Farm,32.7
79,2025-07-24,Dry goods,Corporate Gift,17.1
80,2025-07-23,Bakery,Supermarket Co,29.2
81,2025-07-12,Dairy,Local Farm,6.6
82,2025-07-03,Dairy,Corporate Gift,5.3
83,2025-05-03,Fresh produce,Individual,45.6
84,2025-04-22,Frozen,Local Farm,44.1
85,2025-01-23,Fresh produce,Community Drive,15.8
86,2025-03-16,Beverages,Corporate Gift,48.4
87,2025-07-27,Bakery,Supermarket Co,35.9
88,2025-06-04,Frozen,Individual,46.7
89,2025-01-30,Dry goods,Supermarket Co,44.5
90,2025-05-11,Frozen,Community Drive,33.9
91,2025-07-27,Canned goods,Local Farm,35.8
92,2025-09-03,Frozen,Supermarket Co,38.5
93,2025-02-24,Dairy,Supermarket Co,49.4
94,2025-01-16,Frozen,Community Drive,40.8
95,2025-04-15,Beverages,Local Farm,13.7
96,2025-03-27,Fresh produce,Supermarket Co,49.6
97,2025-02-26,Canned goods,Local Farm,8.9
98,2025-06-19,Bakery,Supermarket Co,6.7
99,2025-08-27,Fresh produce,Supermarket Co,30.1
100,2025-05-31,Dairy,Local Farm,5.7
101,2025-07-22,Fresh produce,Community Drive,24.5
102,2025-06-10,Dry goods,Individual,48.6
103,2025-07-19,Fresh produce,Individual,13.5
104,2025-09-05,Bakery,Individual,41.8
105,2025-06-29,Dry goods,Community Drive,40.8
106,2025-01-11,Dry goods,Corporate Gift,7.3
107,2025-05-15,Canned goods,Individual,21.0
108,2025-06-23,Canned goods,Corporate Gift,30.2
109,2025-06-28,Beverages,Community Drive,39.6
110,2025-07-07,Bakery,Local Farm,20.3
111,2025-08-01,Beverages,Supermarket Co,34.2
112,2025-08-28,Beverages,Supermarket Co,29.5
113,2025-01-10,Dairy,Individual,17.8
114,2025-02-04,Fresh produce,Corporate Gift,2.3
115,2025-04-24,Frozen,Community Drive,39.1
116,2025-05-19,Canned goods,Community Drive,46.5
117,2025-05-28,Beverages,Supermarket Co,32.9
118,2025-01-17,Canned goods,Supermarket Co,14.4
119,2025-01-04,Fresh produce,Supermarket Co,6.7
120,2025-01-03,Frozen,Corporate Gift,19.7
121,2025-07-20,Dairy,Corporate Gift,37.8
122,2025-08-13,Fresh produce,Local Farm,1.6
123,2025-05-31,Dry goods,Local Farm,6.5
124,2025-03-04,Dry goods,Supermarket Co,9.0
125,2025-07-23,Beverages,Corporate Gift,46.7
126,2025-02-23,Dairy,Supermarket Co,47.7
127,2025-08-17,Canned goods,Local Farm,21.0
128,2025-02-09,Dry goods,Individual,1.0
129,2025-05-21,Dry goods,Individual,47.6
130,2025-06-11,Dry goods,Local Farm,4.3
131,2025-02-14,Bakery,Corporate Gift,8.8
132,2025-05-12,Beverages,Community Drive,24.0
133,2025-04-06,Fresh produce,Individual,31.9
134,2025-04-27,Canned goods,Individual,26.4
135,2025-03-18,Fresh produce,Supermarket Co,32.1
136,2025-01-10,Canned goods,Corporate Gift,43.0
137,2025-05-27,Bakery,Individual,44.5
138,2025-09-07,Fresh produce,Local Farm,13.3
139,2025-07-15,Canned goods,Local Farm,31.6
140,2025-04-15,Dairy,Local Farm,12.7
141,2025-05-06,Frozen,Corporate Gift,49.5
142,2025-06-14,Frozen,Corporate Gift,21.7
143,2025-06-17,Beverages,Supermarket Co,17.0
144,2025-03-14,Dry goods,Corporate Gift,39.4
145,2025-08-18,Frozen,Local Farm,32.7
146,2025-02-21,Bakery,Individual,32.3
147,2025-01-16,Dry goods,Supermarket Co,15.8
148,2025-07-21,Fresh produce,Corporate Gift,33.6
149,2025-03-11,Bakery,Corporate Gift,49.7
150,2025-01-04,Bakery,Corporate Gift,9.9
151,2025-02-16,Dry goods,Local Farm,5.5
152,2025-04-04,Fresh produce,Supermarket Co,26.6
153,2025-07-07,Canned goods,Supermarket Co,30.1
154,2025-05-22,Frozen,Local Farm,14.7
155,2025-07-28,Bakery,Community Drive,39.0
156,2025-04-01,Canned goods,Corporate Gift,42.8
157,2025-04-09,Frozen,Community Drive,21.3
158,2025-01-06,Canned goods,Community Drive,17.8
159,2025-07-28,Dry goods,Community Drive,8.3
160,2025-08-26,Dairy,Community Drive,20.1
161,2025-06-04,Bakery,Individual,37.4
162,2025-08-28,Canned goods,Individual,44.9
163,2025-01-19,Fresh produce,Community Drive,39.1
164,2025-05-03,Beverages,Community Drive,40.1
165,2025-02-19,Frozen,Local Farm,17.6
166,2025-05-04,Frozen,Local Farm,49.6
167,2025-05-05,Beverages,Individual,35.5
168,2025-01-23,Bakery,Supermarket Co,30.2
169,2025-01-31,Fresh produce,Corporate Gift,32.2
170,2025-05-09,Bakery,Corporate Gift,19.2
171,2025-05-31,Dry goods,Local Farm,36.4
172,2025-04-07,Bakery,Individual,30.9
173,2025-04-27,Dry goods,Community Drive,15.9
174,2025-01-02,Dairy,Supermarket Co,4.5
175,2025-02-24,Fresh produce,Supermarket Co,5.1
176,2025-04-14,Beverages,Corporate Gift,48.4
177,2025-03-09,Canned goods,Supermarket Co,34.2
178,2025-02-14,Fresh produce,Local Farm,43.7
179,2025-09-07,Dry goods,Local Farm,16.9
180,2025-01-31,Dry goods,Individual,29.1
181,2025-02-17,Canned goods,Individual,29.4
182,2025-06-05,Frozen,Local Farm,16.6
183,2025-02-12,Fresh produce,Local Farm,49.0
184,2025-04-20,Beverages,Corporate Gift,14.4
185,2025-07-16,Dairy,Supermarket Co,43.5
186,2025-07-12,Canned goods,Corporate Gift,13.7
187,2025-04-05,Dairy,Supermarket Co,45.2
188,2025-07-11,Dairy,Community Drive,39.3
189,2025-05-05,Bakery,Individual,31.5
190,2025-07-08,Canned goods,Community Drive,11.7
191,2025-06-14,Fresh produce,Community Drive,39.6
192,2025-03-09,Dry goods,Supermarket Co,21.4
193,2025-04-16,Dry goods,Local Farm,3.0
194,2025-08-05,Fresh produce,Individual,13.2
195,2025-02-19,Canned goods,Individual,30.5
196,2025-09-02,Dairy,Corporate Gift,32.2
197,2025-07-30,Dairy,Community Drive,10.9
198,2025-05-13,Dry goods,Supermarket Co,43.5
199,2025-03-03,Dairy,Supermarket Co,46.1
200,2025-05-02,Fresh produce,Local Farm,7.5
201,2025-01-26,Fresh produce,Individual,41.5
202,2025-01-08,Fresh produce,Corporate Gift,45.8
203,2025-06-17,Beverages,Local Farm,29.6
204,2025-04-14,Dry goods,Community Drive,43.0
205,2025-01-21,Dry goods,Local Farm,42.7
206,2025-08-21,Dairy,Community Drive,38.5
207,2025-04-22,Canned goods,Community Drive,45.5
208,2025-05-19,Canned goods,Individual,45.7
209,2025-08-16,Frozen,Community Drive,1.4
210,2025-01-15,Dairy,Individual,32.6
211,2025-08-19,Frozen,Supermarket Co,26.1
212,2025-01-26,Dairy,Corporate Gift,30.8
213,2025-08-01,Bakery,Corporate Gift,1.6
214,2025-03-18,Dry goods,Supermarket Co,18.2
215,2025-06-02,Beverages,Supermarket Co,9.2
216,2025-03-27,Dairy,Individual,11.5
217,2025-07-21,Fresh produce,Community Drive,44.2
218,2025-08-05,Frozen,Individual,17.2
219,2025-03-07,Beverages,Community Drive,2.5
220,2025-08-12,Canned goods,Individual,16.1
221,2025-01-02,Dry goods,Supermarket Co,22.7
222,2025-05-15,Canned goods,Corporate Gift,21.9
223,2025-09-03,Beverages,Local Farm,14.1
224,2025-08-19,Bakery,Community Drive,16.7
225,2025-08-11,Dry goods,Individual,15.7
226,2025-09-07,Beverages,Individual,23.9
227,2025-07-05,Dry goods,Local Farm,17.0
228,2025-04-07,Beverages,Individual,23.0
229,2025-05-01,Bakery,Individual,18.6
230,2025-05-31,Dry goods,Individual,42.5
231,2025-03-20,Fresh produce,Corporate Gift,21.7
232,2025-07-22,Frozen,Individual,27.3
233,2025-04-25,Dairy,Supermarket Co,9.0
234,2025-08-10,Dry goods,Corporate Gift,2.2
235,2025-09-06,Fresh produce,Corporate Gift,10.5
236,2025-08-20,Frozen,Supermarket Co,48.5
237,2025-05-24,Dairy,Individual,12.1
238,2025-04-15,Dry goods,Corporate Gift,23.2
239,2025-08-27,Canned goods,Corporate Gift,7.8
240,2025-07-13,Canned goods,Corporate Gift,29.1
241,2025-06-06,Frozen,Community Drive,39.6
242,2025-05-24,Frozen,Community Drive,24.9
243,2025-01-21,Dairy,Community Drive,35.8
244,2025-04-12,Bakery,Individual,44.8
245,2025-03-01,Canned goods,Community Drive,38.1
246,2025-04-19,Dry goods,Supermarket Co,36.5
247,2025-04-25,Beverages,Individual,20.7
248,2025-08-07,Frozen,Corporate Gift,24.8
249,2025-04-26,Dry goods,Community Drive,27.5
250,2025-02-16,Fresh produce,Community Drive,34.5
251,2025-04-18,Fresh produce,Community Drive,30.9
252,2025-01-17,Fresh produce,Local Farm,20.9
253,2025-06-20,Frozen,Individual,45.0
254,2025-05-21,Canned goods,Local Farm,44.8
255,2025-02-21,Canned goods,Supermarket Co,30.0
256,2025-06-13,Canned goods,Corporate Gift,4.1
257,2025-08-11,Fresh produce,Individual,43.0
258,2025-02-01,Bakery,Supermarket Co,33.7
259,2025-03-05,Dairy,Corporate Gift,39.7
260,2025-07-02,Beverages,Individual,15.0
261,2025-04-24,Bakery,Individual,30.3
262,2025-01-11,Dry goods,Corporate Gift,2.9
263,2025-07-25,Dry goods,Supermarket Co,34.3
264,2025-01-24,Canned goods,Individual,29.2
265,2025-03-01,Bakery,Individual,31.5
266,2025-08-11,Dry goods,Corporate Gift,14.0
267,2025-09-04,Fresh produce,Community Drive,33.5
268,2025-07-02,Dry goods,Supermarket Co,23.6
269,2025-09-07,Dairy,Individual,35.6
270,2025-05-02,Dairy,Corporate Gift,45.4
271,2025-07-10,Dairy,Community Drive,5.0
272,2025-08-20,Dairy,Corporate Gift,14.0
273,2025-07-21,Dairy,Community Drive,38.2
274,2025-01-08,Canned goods,Community Drive,40.0
275,2025-06-10,Dry goods,Individual,8.3
276,2025-08-04,Dairy,Community Drive,2.6
277,2025-05-27,Fresh produce,Corporate Gift,8.7
278,2025-09-06,Beverages,Individual,11.3
279,2025-07-17,Beverages,Corporate Gift,13.9
280,2025-06-20,Beverages,Corporate Gift,6.2
281,2025-05-16,Frozen,Corporate Gift,22.9
282,2025-07-31,Dry goods,Corporate Gift,39.7
283,2025-07-28,Beverages,Local Farm,24.2
284,2025-07-19,Beverages,Local Farm,7.3
285,2025-03-09,Canned goods,Community Drive,43.2
286,2025-03-09,Dairy,Community Drive,3.2
287,2025-05-12,Bakery,Community Drive,38.5
288,2025-06-11,Fresh produce,Supermarket Co,14.4
289,2025-01-14,Frozen,Individual,36.2
290,2025-05-08,Dry goods,Individual,16.4
291,2025-06-08,Canned goods,Individual,20.5
292,2025-04-23,Frozen,Individual,25.5
293,2025-02-04,Frozen,Corporate Gift,6.9
294,2025-02-07,Bakery,Local Farm,9.0
295,2025-01-15,Dairy,Local Farm,9.2
296,2025-01-14,Dry goods,Local Farm,7.4
297,2025-05-15,Canned goods,Supermarket Co,25.6
298,2025-02-10,Dry goods,Individual,43.6
299,2025-08-01,Frozen,Community Drive,43.3
300,2025-05-31,Dry goods,Corporate Gift,35.4
301,2025-01-23,Dairy,Community Drive,42.3
302,2025-06-23,Canned goods,Community Drive,16.5
303,2025-03-05,Frozen,Individual,6.9
304,2025-03-28,Canned goods,Corporate Gift,23.1
305,2025-09-02,Bakery,Corporate Gift,12.2
306,2025-07-02,Frozen,Community Drive,18.4
307,2025-06-23,Dairy,Community Drive,4.6
308,2025-06-14,Dry goods,Local Farm,19.4
309,2025-06-30,Frozen,Corporate Gift,21.5
310,2025-05-03,Beverages,Community Drive,18.5
311,2025-01-26,Fresh produce,Local Farm,33.0
312,2025-07-08,Dairy,Local Farm,6.6
313,2025-01-23,Canned goods,Corporate Gift,24.4
314,2025-07-24,Beverages,Community Drive,35.1
315,2025-07-15,Canned goods,Corporate Gift,2.9
316,2025-03-17,Frozen,Local Farm,34.6
317,2025-08-13,Canned goods,Local Farm,46.7
318,2025-01-09,Dairy,Community Drive,33.8
319,2025-01-09,Bakery,Supermarket Co,39.7
320,2025-04-10,Canned goods,Local Farm,26.5
321,2025-06-19,Bakery,Corporate Gift,1.6
322,2025-05-01,Fresh produce,Supermarket Co,45.2
323,2025-08-24,Frozen,Individual,29.8
324,2025-07-14,Dry goods,Community Drive,2.8
325,2025-08-07,Bakery,Community Drive,18.8
326,2025-01-21,Dry goods,Supermarket Co,22.8
327,2025-04-29,Canned goods,Individual,49.9
328,2025-04-11,Dairy,Individual,19.3
329,2025-02-25,Dairy,Local Farm,40.6
330,2025-06-19,Bakery,Local Farm,5.7
331,2025-04-19,Dry goods,Local Farm,23.6
332,2025-04-21,Dairy,Community Drive,28.9
333,2025-05-04,Beverages,Corporate Gift,39.3
334,2025-04-04,Bakery,Supermarket Co,45.6
335,2025-07-20,Frozen,Community Drive,30.1
336,2025-07-05,Fresh produce,Community Drive,5.4
337,2025-02-02,Fresh produce,Local Farm,48.1
338,2025-05-11,Fresh produce,Corporate Gift,23.5
339,2025-05-21,Bakery,Corporate Gift,23.1
340,2025-01-29,Fresh produce,Local Farm,33.3
341,2025-05-23,Canned goods,Local Farm,34.8
342,2025-04-21,Dry goods,Community Drive,41.9
343,2025-08-02,Dry goods,Individual,8.3
344,2025-06-06,Dry goods,Individual,27.9
345,2025-05-08,Frozen,Community Drive,35.0
346,2025-01-02,Fresh produce,Supermarket Co,40.7
347,2025-04-09,Frozen,Individual,16.0
348,2025-04-26,Bakery,Individual,37.8
349,2025-07-22,Beverages,Community Drive,30.7
350,2025-02-20,Bakery,Individual,5.6
351,2025-06-18,Fresh produce,Individual,24.6
352,2025-05-12,Bakery,Corporate Gift,12.2
353,2025-08-05,Frozen,Supermarket Co,37.3
354,2025-07-29,Fresh produce,Supermarket Co,6.8
355,2025-03-11,Bakery,Local Farm,49.4
356,2025-01-20,Frozen,Corporate Gift,34.5
357,2025-01-29,Canned goods,Community Drive,4.5
358,2025-06-10,Dairy,Community Drive,48.1
359,2025-02-20,Dairy,Local Farm,49.5
360,2025-04-19,Bakery,Local Farm,2.9
361,2025-02-10,Canned goods,Supermarket Co,14.4
362,2025-04-19,Dairy,Community Drive,27.0
363,2025-02-10,Frozen,Community Drive,48.9
364,2025-04-22,Fresh produce,Individual,8.1
365,2025-04-14,Beverages,Community Drive,47.4
366,2025-05-22,Fresh produce,Community Drive,8.8
367,2025-01-19,Canned goods,Corporate Gift,17.8
368,2025-09-02,Frozen,Corporate Gift,32.6
369,2025-03-18,Beverages,Local Farm,17.5
370,2025-05-14,Beverages,Supermarket Co,43.5
371,2025-02-17,Dry goods,Local Farm,22.8
372,2025-06-03,Dry goods,Community Drive,13.2
373,2025-04-27,Dry goods,Local Farm,9.1
374,2025-01-12,Frozen,Local Farm,24.5
375,2025-08-08,Bakery,Corporate Gift,34.6
376,2025-08-11,Dry goods,Supermarket Co,2.8
377,2025-08-28,Fresh produce,Individual,20.6
378,2025-07-12,Frozen,Corporate Gift,8.6
379,2025-03-11,Dry goods,Individual,28.8
380,2025-01-12,Dairy,Community Drive,35.5
381,2025-08-20,Dry goods,Community Drive,36.0
382,2025-04-15,Dry goods,Corporate Gift,35.5
383,2025-01-12,Canned goods,Community Drive,24.7
384,2025-01-25,Dry goods,Corporate Gift,40.1
385,2025-04-29,Beverages,Supermarket Co,30.6
386,2025-08-01,Bakery,Supermarket Co,14.7
387,2025-05-02,Dairy,Corporate Gift,38.6
388,2025-07-10,Beverages,Corporate Gift,4.7
389,2025-03-02,Canned goods,Local Farm,10.2
390,2025-03-26,Canned goods,Corporate Gift,43.7
391,2025-03-31,Bakery,Individual,46.0
392,2025-05-11,Dairy,Supermarket Co,24.0
393,2025-05-04,Fresh produce,Corporate Gift,27.4
394,2025-03-22,Fresh produce,Corporate Gift,41.1
395,2025-05-03,Canned goods,Supermarket Co,49.6
396,2025-01-15,Bakery,Corporate Gift,37.0
397,2025-07-16,Canned goods,Supermarket Co,11.0
398,2025-02-11,Frozen,Corporate Gift,29.8
399,2025-05-13,Fresh produce,Local Farm,11.4
400,2025-08-21,Dairy,Individual,41.3
401,2025-06-20,Bakery,Community Drive,42.3
402,2025-07-17,Beverages,Individual,49.7
403,2025-06-10,Dry goods,Supermarket Co,41.3
404,2025-06-26,Beverages,Individual,39.2
405,2025-02-28,Fresh produce,Supermarket Co,39.9
406,2025-03-10,Dairy,Corporate Gift,15.9
407,2025-02-28,Beverages,Corporate Gift,26.5
408,2025-01-29,Beverages,Supermarket Co,15.2
409,2025-02-08,Frozen,Individual,20.8
410,2025-03-13,Canned goods,Individual,47.2
411,2025-04-13,Frozen,Corporate Gift,47.9
412,2025-06-18,Frozen,Supermarket Co,20.7
413,2025-05-09,Frozen,Individual,21.7
414,2025-01-11,Dry goods,Corporate Gift,34.4
415,2025-04-18,Beverages,Corporate Gift,1.6
416,2025-06-13,Canned goods,Individual,35.0
417,2025-08-27,Beverages,Corporate Gift,5.7
418,2025-04-28,Fresh produce,Local Farm,28.1
419,2025-08-15,Beverages,Individual,4.9
420,2025-07-03,Canned goods,Corporate Gift,2.8
421,2025-03-12,Dry goods,Corporate Gift,35.7
422,2025-05-20,Bakery,Community Drive,9.1
423,2025-03-09,Canned goods,Local Farm,37.8
424,2025-05-08,Dairy,Corporate Gift,10.5
425,2025-07-04,Dry goods,Supermarket Co,7.3
426,2025-06-01,Dairy,Individual,7.9
427,2025-08-21,Bakery,Individual,38.3
428,2025-03-05,Fresh produce,Community Drive,31.3
429,2025-02-13,Beverages,Individual,15.9
430,2025-04-29,Frozen,Corporate Gift,11.9
431,2025-08-11,Dairy,Community Drive,16.3
432,2025-02-12,Fresh produce,Corporate Gift,44.0
433,2025-01-16,Bakery,Individual,43.0
434,2025-05-18,Canned goods,Corporate Gift,24.8
435,2025-06-18,Dry goods,Local Farm,14.0
436,2025-03-19,Bakery,Supermarket Co,38.2
437,2025-05-17,Canned goods,Supermarket Co,7.5
438,2025-05-24,Bakery,Supermarket Co,22.6
439,2025-03-21,Dairy,Supermarket Co,41.5
440,2025-05-22,Frozen,Individual,25.7
441,2025-09-06,Frozen,Supermarket Co,24.5
442,2025-01-31,Bakery,Corporate Gift,46.1
443,2025-08-15,Bakery,Community Drive,36.1
444,2025-02-27,Fresh produce,Supermarket Co,37.0
445,2025-06-06,Dairy,Individual,11.0
446,2025-03-15,Canned goods,Community Drive,13.2
447,2025-09-06,Dairy,Corporate Gift,47.0
448,2025-08-14,Canned goods,Supermarket Co,48.8
449,2025-08-15,Fresh produce,Community Drive,1.2
450,2025-06-24,Frozen,Community Drive,23.1
451,2025-06-10,Beverages,Supermarket Co,26.0
452,2025-08-20,Fresh produce,Corporate Gift,23.7
453,2025-07-07,Bakery,Local Farm,18.6
454,2025-05-26,Fresh produce,Local Farm,26.9
455,2025-05-16,Dairy,Community Drive,18.4
456,2025-07-17,Beverages,Individual,28.2
457,2025-07-27,Frozen,Corporate Gift,17.1
458,2025-05-21,Frozen,Individual,7.9
459,2025-02-21,Bakery,Community Drive,31.4
460,2025-09-05,Dairy,Supermarket Co,9.5
461,2025-02-20,Dry goods,Local Farm,38.8
462,2025-02-15,Frozen,Supermarket Co,3.1
463,2025-04-03,Beverages,Community Drive,8.5
464,2025-06-08,Frozen,Supermarket Co,43.1
465,2025-06-15,Dry goods,Community Drive,43.4
466,2025-06-12,Frozen,Supermarket Co,25.8
467,2025-05-19,Dairy,Individual,28.7
468,2025-02-20,Canned goods,Individual,8.5
469,2025-06-29,Beverages,Corporate Gift,24.7
470,2025-02-05,Frozen,Community Drive,9.4
471,2025-08-24,Dry goods,Individual,24.8
472,2025-02-10,Canned goods,Supermarket Co,8.2
473,2025-07-14,Bakery,Supermarket Co,14.4
474,2025-03-18,Bakery,Individual,23.7
475,2025-04-11,Beverages,Corporate Gift,41.9
476,2025-07-02,Frozen,Individual,10.9
477,2025-06-20,Canned goods,Corporate Gift,3.2
478,2025-08-10,Fresh produce,Local Farm,14.9
479,2025-03-22,Bakery,Supermarket Co,47.2
480,2025-01-07,Beverages,Supermarket Co,23.4
481,2025-08-28,Dry goods,Local Farm,32.4
482,2025-01-04,Dairy,Local Farm,23.1
483,2025-01-24,Frozen,Community Drive,18.8
484,2025-03-23,Dry goods,Community Drive,20.8
485,2025-04-04,Beverages,Individual,4.0
486,2025-04-11,Dairy,Local Farm,39.1
487,2025-07-18,Dry goods,Supermarket Co,44.9
488,2025-07-18,Beverages,Local Farm,20.2
489,2025-02-01,Dairy,Community Drive,2.1
490,2025-07-07,Dairy,Community Drive,32.1
491,2025-06-11,Beverages,Individual,45.4
492,2025-08-16,Canned goods,Individual,48.9
493,2025-04-22,Dry goods,Community Drive,46.3
494,2025-02-16,Fresh produce,Community Drive,1.9
495,2025-09-03,Bakery,Individual,38.8
496,2025-06-02,Beverages,Corporate Gift,47.9
497,2025-06-04,Frozen,Supermarket Co,27.4
498,2025-01-13,Dairy,Community Drive,37.6
499,2025-01-22,Fresh produce,Local Farm,40.5
500,2025-01-09,Dairy,Local Farm,4.6
501,2025-06-24,Dry goods,Individual,36.1
502,2025-03-11,Bakery,Individual,10.1
503,2025-05-21,Fresh produce,Community Drive,43.2
504,2025-01-05,Dairy,Community Drive,11.9
505,2025-03-03,Dry goods,Corporate Gift,15.5
506,2025-07-06,Canned goods,Corporate Gift,39.3
507,2025-08-20,Dry goods,Corporate Gift,2.5
508,2025-08-04,Dry goods,Individual,13.2
509,2025-01-04,Dairy,Supermarket Co,43.1
510,2025-04-08,Canned goods,Corporate Gift,1.6
511,2025-07-19,Bakery,Supermarket Co,47.9
512,2025-08-12,Dry goods,Corporate Gift,5.7
513,2025-07-03,Fresh produce,Community Drive,47.3
514,2025-05-03,Frozen,Individual,26.3
515,2025-08-03,Canned goods,Local Farm,49.4
516,2025-08-27,Dairy,Supermarket Co,14.6
517,2025-01-09,Dry goods,Community Drive,26.7
518,2025-08-01,Bakery,Community Drive,35.6
519,2025-08-22,Fresh produce,Community Drive,25.0
520,2025-05-19,Frozen,Community Drive,22.9
521,2025-06-26,Dairy,Community Drive,10.2
522,2025-08-31,Bakery,Individual,44.4
523,2025-04-12,Bakery,Corporate Gift,48.8
524,2025-08-22,Fresh produce,Corporate Gift,46.9
525,2025-05-22,Canned goods,Supermarket Co,28.6
526,2025-07-28,Dairy,Community Drive,30.4
527,2025-02-18,Fresh produce,Corporate Gift,11.1
528,2025-01-16,Fresh produce,Individual,9.0
529,2025-04-07,Dry goods,Supermarket Co,47.4
530,2025-09-03,Dairy,Community Drive,45.4
531,2025-03-24,Canned goods,Community Drive,33.4
532,2025-04-04,Dairy,Corporate Gift,39.5
533,2025-01-30,Beverages,Individual,18.0
534,2025-06-29,Fresh produce,Supermarket Co,47.8
535,2025-04-21,Dry goods,Individual,44.2
536,2025-02-06,Canned goods,Corporate Gift,17.2
537,2025-03-14,Fresh produce,Individual,14.7
538,2025-08-21,Frozen,Local Farm,28.7
539,2025-04-18,Dry goods,Corporate Gift,42.1
540,2025-07-15,Beverages,Corporate Gift,43.9
541,2025-01-24,Dairy,Supermarket Co,20.6
542,2025-07-13,Dry goods,Community Drive,14.4
543,2025-05-10,Dry goods,Supermarket Co,36.8
544,2025-07-07,Dry goods,Supermarket Co,30.5
545,2025-08-31,Beverages,Supermarket Co,44.9
546,2025-04-24,Beverages,Local Farm,7.0
547,2025-06-17,Frozen,Community Drive,25.5
548,2025-05-18,Frozen,Individual,34.8
549,2025-04-08,Frozen,Local Farm,28.4
550,2025-01-09,Bakery,Supermarket Co,4.9
551,2025-01-22,Dry goods,Individual,27.4
552,2025-04-29,Frozen,Corporate Gift,30.9
553,2025-03-17,Fresh produce,Corporate Gift,5.2
554,2025-07-11,Bakery,Local Farm,21.7
555,2025-05-08,Canned goods,Community Drive,1.3
556,2025-05-22,Fresh produce,Corporate Gift,21.9
557,2025-07-16,Dry goods,Community Drive,7.6
558,2025-01-28,Canned goods,Local Farm,29.6
559,2025-07-26,Dry goods,Corporate Gift,38.0
560,2025-04-05,Frozen,Local Farm,6.3
561,2025-04-21,Beverages,Community Drive,38.2
562,2025-06-04,Beverages,Community Drive,22.6
563,2025-04-17,Frozen,Individual,15.3
564,2025-08-17,Bakery,Individual,6.8
565,2025-06-24,Fresh produce,Supermarket Co,36.7
566,2025-04-15,Beverages,Community Drive,21.6
567,2025-04-29,Canned goods,Supermarket Co,23.5
568,2025-07-03,Frozen,Local Farm,24.9
569,2025-01-13,Fresh produce,Individual,45.3
570,2025-01-06,Canned goods,Corporate Gift,23.4
571,2025-02-04,Bakery,Corporate Gift,29.6
572,2025-04-26,Dry goods,Individual,22.5
573,2025-07-22,Frozen,Supermarket Co,20.1
574,2025-02-12,Canned goods,Community Drive,12.0
575,2025-07-06,Bakery,Supermarket Co,8.6
576,2025-04-25,Canned goods,Corporate Gift,17.3
577,2025-03-14,Fresh produce,Local Farm,40.2
578,2025-05-25,Beverages,Individual,16.7
579,2025-02-19,Canned goods,Corporate Gift,30.5
580,2025-03-28,Fresh produce,Individual,21.1
581,2025-03-26,Beverages,Corporate Gift,4.4
582,2025-07-09,Fresh produce,Corporate Gift,20.1
583,2025-04-28,Bakery,Individual,15.4
584,2025-04-24,Dairy,Supermarket Co,21.8
585,2025-08-09,Beverages,Individual,38.8
586,2025-01-13,Dairy,Community Drive,5.3
587,2025-01-25,Fresh produce,Corporate Gift,39.0
588,2025-01-18,Bakery,Supermarket Co,46.0
589,2025-02-04,Fresh produce,Supermarket Co,17.4
590,2025-06-27,Fresh produce,Individual,45.5
591,2025-03-17,Frozen,Local Farm,19.8
592,2025-04-27,Canned goods,Individual,16.2
593,2025-01-03,Beverages,Supermarket Co,24.1
594,2025-06-10,Dry goods,Supermarket Co,2.1
595,2025-08-15,Fresh produce,Individual,34.4
596,2025-01-17,Bakery,Local Farm,28.8
597,2025-08-11,Bakery,Community Drive,8.7
598,2025-08-05,Beverages,Community Drive,44.4
599,2025-05-07,Frozen,Supermarket Co,16.6
600,2025-05-13,Canned goods,Local Farm,42.0
601,2025-07-15,Bakery,Community Drive,24.0
602,2025-04-07,Beverages,Corporate Gift,48.5
603,2025-01-15,Bakery,Supermarket Co,35.8
604,2025-07-28,Fresh produce,Community Drive,26.8
605,2025-07-03,Dairy,Corporate Gift,31.6
606,2025-02-04,Bakery,Supermarket Co,26.9
607,2025-08-16,Frozen,Individual,22.2
608,2025-06-10,Bakery,Community Drive,6.1
609,2025-03-09,Beverages,Supermarket Co,16.7
610,2025-04-03,Bakery,Corporate Gift,2.5
611,2025-03-04,Dry goods,Individual,17.4
612,2025-02-15,Dairy,Corporate Gift,39.3
613,2025-03-18,Canned goods,Corporate Gift,36.7
614,2025-07-28,Dairy,Community Drive,21.1
615,2025-05-08,Fresh produce,Local Farm,16.7
616,2025-04-27,Dairy,Corporate Gift,16.2
617,2025-06-07,Bakery,Corporate Gift,23.6
618,2025-08-15,Fresh produce,Corporate Gift,46.6
619,2025-04-27,Dairy,Supermarket Co,24.9
620,2025-02-03,Bakery,Corporate Gift,21.4
621,2025-05-02,Dry goods,Corporate Gift,29.5
622,2025-08-05,Dairy,Community Drive,16.1
623,2025-06-18,Bakery,Community Drive,9.7
624,2025-03-24,Canned goods,Individual,8.4
625,2025-06-23,Dairy,Community Drive,18.4
626,2025-02-04,Fresh produce,Supermarket Co,42.0
627,2025-02-08,Dry goods,Community Drive,39.4
628,2025-09-02,Bakery,Supermarket Co,2.7
629,2025-08-23,Dairy,Supermarket Co,35.8
630,2025-01-07,Frozen,Community Drive,37.4
631,2025-08-21,Bakery,Individual,3.2
632,2025-05-04,Frozen,Individual,48.3
633,2025-02-04,Bakery,Corporate Gift,1.4
634,2025-07-09,Beverages,Individual,48.4
635,2025-06-26,Beverages,Corporate Gift,3.8
636,2025-06-09,Dry goods,Individual,31.9
637,2025-07-31,Beverages,Individual,3.4
638,2025-01-22,Dry goods,Local Farm,1.6
639,2025-05-08,Dairy,Corporate Gift,29.7
640,2025-01-21,Beverages,Community Drive,14.3
641,2025-03-28,Dry goods,Community Drive,23.5
642,2025-04-23,Bakery,Corporate Gift,36.5
643,2025-03-24,Dry goods,Supermarket Co,29.2
644,2025-04-04,Frozen,Supermarket Co,41.1
645,2025-05-27,Dry goods,Community Drive,42.5
646,2025-08-08,Beverages,Local Farm,13.6
647,2025-06-07,Bakery,Local Farm,14.6
648,2025-01-18,Canned goods,Individual,5.0
649,2025-06-05,Frozen,Corporate Gift,40.9
650,2025-06-27,Beverages,Supermarket Co,30.6
651,2025-07-08,Beverages,Local Farm,37.8
652,2025-08-07,Beverages,Supermarket Co,6.3
653,2025-04-04,Beverages,Community Drive,9.1
654,2025-05-05,Frozen,Corporate Gift,39.5
655,2025-09-05,Dry goods,Supermarket Co,3.6
656,2025-07-07,Frozen,Local Farm,45.7
657,2025-01-02,Bakery,Individual,9.1
658,2025-03-12,Dairy,Local Farm,23.3
659,2025-03-23,Dry goods,Community Drive,40.8
660,2025-08-01,Dry goods,Supermarket Co,1.5
661,2025-02-19,Bakery,Corporate Gift,49.7
662,2025-07-03,Frozen,Local Farm,42.0
663,2025-07-05,Frozen,Supermarket Co,46.0
664,2025-04-06,Dairy,Corporate Gift,44.4
665,2025-05-09,Beverages,Supermarket Co,2.2
666,2025-04-02,Dry goods,Individual,45.0
667,2025-02-04,Bakery,Local Farm,46.5
668,2025-01-12,Canned goods,Individual,48.5
669,2025-03-03,Bakery,Local Farm,48.6
670,2025-02-15,Canned goods,Community Drive,34.8
671,2025-05-25,Fresh produce,Corporate Gift,31.4
672,2025-03-19,Fresh produce,Local Farm,11.4
673,2025-08-06,Dairy,Corporate Gift,14.3
674,2025-08-19,Fresh produce,Corporate Gift,23.9
675,2025-07-15,Fresh produce,Community Drive,34.7
676,2025-03-16,Fresh produce,Local Farm,15.1
677,2025-01-29,Canned goods,Supermarket Co,45.7
678,2025-06-16,Dry goods,Supermarket Co,28.5
679,2025-08-01,Dry goods,Corporate Gift,3.0
680,2025-08-02,Frozen,Local Farm,12.8
681,2025-08-24,Dairy,Corporate Gift,17.2
682,2025-05-24,Beverages,Corporate Gift,40.9
683,2025-08-14,Dairy,Local Farm,6.4
684,2025-01-06,Dairy,Corporate Gift,5.5
685,2025-05-07,Bakery,Local Farm,10.8
686,2025-01-08,Dairy,Individual,1.2
687,2025-08-06,Canned goods,Individual,14.4
688,2025-02-11,Dairy,Local Farm,20.5
689,2025-05-20,Dairy,Corporate Gift,2.8
690,2025-05-19,Dry goods,Corporate Gift,17.9
691,2025-05-30,Bakery,Supermarket Co,30.0
692,2025-04-15,Canned goods,Community Drive,38.7
693,2025-01-03,Dairy,Corporate Gift,44.5
694,2025-02-18,Frozen,Individual,49.3
695,2025-06-19,Frozen,Supermarket Co,33.7
696,2025-06-14,Dairy,Local Farm,3.7
697,2025-07-17,Dairy,Local Farm,1.9
698,2025-03-15,Dry goods,Individual,8.9
699,2025-07-22,Fresh produce,Corporate Gift,9.4
700,2025-02-09,Fresh produce,Community Drive,47.7
701,2025-03-20,Dry goods,Supermarket Co,3.8
702,2025-03-15,Bakery,Corporate Gift,31.2
703,2025-07-01,Beverages,Supermarket Co,15.4
704,2025-04-04,Frozen,Individual,49.9
705,2025-07-01,Canned goods,Community Drive,44.9
706,2025-04-02,Canned goods,Supermarket Co,33.1
707,2025-08-10,Beverages,Corporate Gift,15.5
708,2025-01-08,Dairy,Corporate Gift,45.1
709,2025-01-14,Beverages,Local Farm,3.0
710,2025-03-09,Frozen,Supermarket Co,18.8
711,2025-05-14,Dairy,Individual,42.3
712,2025-07-17,Fresh produce,Corporate Gift,9.5
713,2025-06-16,Dry goods,Individual,34.1
714,2025-08-11,Frozen,Community Drive,38.0
715,2025-07-20,Bakery,Supermarket Co,26.9
716,2025-01-04,Dairy,Individual,27.3
717,2025-07-28,Canned goods,Community Drive,44.0
718,2025-06-03,Dry goods,Corporate Gift,13.8
719,2025-09-06,Frozen,Local Farm,9.3
720,2025-07-13,Dairy,Corporate Gift,20.1
721,2025-05-05,Beverages,Supermarket Co,27.4
722,2025-08-08,Frozen,Community Drive,29.2
723,2025-03-01,Bakery,Local Farm,24.5
724,2025-08-19,Beverages,Corporate Gift,38.9
725,2025-01-17,Frozen,Community Drive,11.1
726,2025-05-29,Canned goods,Corporate Gift,32.0
727,2025-07-25,Fresh produce,Supermarket Co,12.5
728,2025-05-20,Dairy,Supermarket Co,12.6
729,2025-08-31,Canned goods,Individual,1.8
730,2025-08-21,Bakery,Community Drive,7.2
731,2025-07-31,Beverages,Community Drive,23.5
732,2025-02-03,Fresh produce,Supermarket Co,43.2
733,2025-09-01,Canned goods,Local Farm,3.3
734,2025-02-17,Dairy,Corporate Gift,2.1
735,2025-04-14,Dairy,Local Farm,33.1
736,2025-07-10,Fresh produce,Local Farm,45.7
737,2025-06-04,Dairy,Individual,47.1
738,2025-04-16,Dairy,Supermarket Co,11.8
739,2025-04-13,Bakery,Corporate Gift,36.7
740,2025-02-23,Canned goods,Supermarket Co,33.0
741,2025-07-23,Frozen,Supermarket Co,4.5
742,2025-03-30,Frozen,Supermarket Co,1.6
743,2025-06-23,Bakery,Supermarket Co,31.1
744,2025-08-06,Dairy,Corporate Gift,46.1
745,2025-08-02,Dry goods,Corporate Gift,16.5
746,2025-07-04,Canned goods,Local Farm,34.3
747,2025-06-07,Beverages,Community Drive,46.4
748,2025-05-05,Fresh produce,Community Drive,36.6
749,2025-07-16,Beverages,Corporate Gift,5.4
750,2025-04-30,Beverages,Community Drive,26.0
751,2025-01-14,Canned goods,Corporate Gift,23.9
752,2025-07-05,Fresh produce,Local Farm,27.5
753,2025-07-11,Frozen,Individual,34.6
754,2025-05-02,Dairy,Corporate Gift,7.9
755,2025-03-05,Canned goods,Community Drive,8.2
756,2025-07-31,Canned goods,Corporate Gift,35.3
757,2025-04-21,Fresh produce,Local Farm,49.4
758,2025-06-02,Canned goods,Supermarket Co,3.1
759,2025-05-30,Dairy,Supermarket Co,49.4
760,2025-05-30,Dairy,Community Drive,26.0
761,2025-04-07,Bakery,Corporate Gift,11.2
762,2025-03-27,Dairy,Individual,15.0
763,2025-01-14,Dry goods,Community Drive,3.9
764,2025-07-12,Frozen,Supermarket Co,5.8
765,2025-06-13,Frozen,Community Drive,36.5
766,2025-06-11,Dairy,Individual,26.1
767,2025-08-29,Dry goods,Individual,14.0
768,2025-03-30,Beverages,Local Farm,43.0
769,2025-03-30,Canned goods,Individual,26.9
770,2025-05-15,Fresh produce,Community Drive,28.6
771,2025-02-07,Dairy,Local Farm,25.1
772,2025-06-12,Fresh produce,Community Drive,29.0
773,2025-01-30,Fresh produce,Local Farm,9.4
774,2025-06-13,Beverages,Individual,6.0
775,2025-06-12,Bakery,Supermarket Co,46.5
776,2025-05-12,Beverages,Community Drive,10.2
777,2025-05-31,Dry goods,Individual,20.4
778,2025-05-02,Dairy,Supermarket Co,42.8
779,2025-05-14,Beverages,Corporate Gift,42.3
780,2025-08-09,Dairy,Corporate Gift,15.3
781,2025-01-13,Canned goods,Individual,27.8
782,2025-04-15,Dry goods,Community Drive,7.8
783,2025-04-13,Dry goods,Individual,21.4
784,2025-05-01,Beverages,Corporate Gift,25.9
785,2025-03-18,Dry goods,Corporate Gift,19.1
786,2025-05-21,Canned goods,Community Drive,39.9
787,2025-01-09,Canned goods,Corporate Gift,44.1
788,2025-04-04,Frozen,Corporate Gift,14.4
789,2025-06-03,Bakery,Supermarket Co,25.8
790,2025-05-15,Canned goods,Local Farm,8.7
791,2025-03-08,Frozen,Supermarket Co,33.1
792,2025-07-06,Dry goods,Individual,25.3
793,2025-05-30,Bakery,Corporate Gift,43.6
794,2025-05-22,Canned goods,Corporate Gift,25.5
795,2025-05-22,Canned goods,Local Farm,48.2
796,2025-06-03,Dairy,Individual,27.2
797,2025-02-13,Fresh produce,Corporate Gift,21.6
798,2025-08-03,Frozen,Community Drive,36.4
799,2025-04-06,Bakery,Community Drive,49.9
800,2025-02-10,Beverages,Local Farm,26.1
801,2025-07-30,Bakery,Corporate Gift,25.2
802,2025-02-08,Frozen,Individual,44.3
803,2025-01-23,Frozen,Individual,33.6
804,2025-04-12,Dairy,Local Farm,7.7
805,2025-05-25,Bakery,Corporate Gift,10.7
806,2025-06-24,Canned goods,Community Drive,1.1
807,2025-08-09,Dry goods,Community Drive,22.8
808,2025-08-04,Canned goods,Corporate Gift,12.6
809,2025-05-23,Dry goods,Supermarket Co,48.1
810,2025-09-05,Dry goods,Supermarket Co,46.3
811,2025-07-03,Frozen,Community Drive,29.7
812,2025-01-25,Bakery,Community Drive,18.5
813,2025-04-22,Dairy,Corporate Gift,22.1
814,2025-03-09,Frozen,Local Farm,43.1
815,2025-03-22,Dry goods,Individual,15.3
816,2025-08-27,Dry goods,Corporate Gift,3.7
817,2025-07-17,Frozen,Local Farm,24.4
818,2025-03-05,Fresh produce,Individual,30.5
819,2025-04-03,Frozen,Supermarket Co,19.5
820,2025-03-09,Frozen,Individual,16.3
821,2025-03-30,Frozen,Local Farm,42.0
822,2025-08-06,Fresh produce,Corporate Gift,47.0
823,2025-09-01,Fresh produce,Community Drive,44.1
824,2025-01-23,Bakery,Individual,45.6
825,2025-03-14,Frozen,Community Drive,24.9
826,2025-06-10,Dairy,Community Drive,41.7
827,2025-01-18,Frozen,Community Drive,42.7
828,2025-08-05,Dairy,Individual,20.3
829,2025-01-12,Frozen,Corporate Gift,41.5
830,2025-08-29,Fresh produce,Supermarket Co,6.9
831,2025-08-26,Frozen,Corporate Gift,28.0
832,2025-02-05,Dairy,Individual,49.9
833,2025-04-04,Dry goods,Individual,42.8
834,2025-01-19,Dairy,Individual,32.8
835,2025-07-05,Beverages,Corporate Gift,27.4
836,2025-06-19,Dry goods,Supermarket Co,29.2
837,2025-03-02,Beverages,Individual,21.3
838,2025-01-18,Fresh produce,Community Drive,29.3
839,2025-01-01,Dairy,Local Farm,37.8
840,2025-03-13,Frozen,Supermarket Co,38.1
841,2025-07-17,Beverages,Local Farm,22.8
842,2025-08-22,Fresh produce,Supermarket Co,22.5
843,2025-04-22,Beverages,Individual,47.8
844,2025-01-19,Beverages,Individual,39.2
845,2025-08-07,Dry goods,Community Drive,35.2
846,2025-06-09,Beverages,Local Farm,19.1
847,2025-08-21,Canned goods,Supermarket Co,4.1
848,2025-03-12,Bakery,Corporate Gift,29.0
849,2025-03-15,Canned goods,Corporate Gift,34.8
850,2025-01-04,Dry goods,Corporate Gift,42.6
851,2025-03-05,Canned goods,Corporate Gift,11.0
852,2025-02-26,Fresh produce,Supermarket Co,30.9
853,2025-05-31,Bakery,Supermarket Co,36.5
854,2025-06-16,Fresh produce,Supermarket Co,5.6
855,2025-08-17,Frozen,Community Drive,34.7
856,2025-07-31,Dairy,Individual,15.5
857,2025-08-31,Fresh produce,Community Drive,24.2
858,2025-01-26,Fresh produce,Community Drive,31.4
859,2025-08-22,Dairy,Corporate Gift,16.5
860,2025-04-05,Frozen,Corporate Gift,38.9
861,2025-04-26,Frozen,Local Farm,26.1
862,2025-02-15,Fresh produce,Individual,3.4
863,2025-01-04,Canned goods,Corporate Gift,46.2
864,2025-04-21,Dairy,Supermarket Co,16.9
865,2025-01-25,Dairy,Local Farm,44.8
866,2025-08-27,Fresh produce,Local Farm,30.6
867,2025-07-24,Beverages,Local Farm,5.5
868,2025-06-21,Dairy,Corporate Gift,46.5
869,2025-03-07,Beverages,Corporate Gift,10.6
870,2025-03-25,Fresh produce,Community Drive,48.6
871,2025-06-05,Canned goods,Individual,38.6
872,2025-03-29,Bakery,Community Drive,31.7
873,2025-04-28,Frozen,Supermarket Co,24.1
874,2025-07-21,Beverages,Supermarket Co,34.1
875,2025-01-07,Dairy,Supermarket Co,38.6
876,2025-07-26,Dairy,Corporate Gift,1.3
877,2025-08-23,Canned goods,Local Farm,32.4
878,2025-04-30,Canned goods,Local Farm,27.5
879,2025-02-03,Dairy,Local Farm,20.1
880,2025-07-30,Dry goods,Supermarket Co,32.8
881,2025-04-06,Frozen,Community Drive,18.9
882,2025-03-24,Fresh produce,Corporate Gift,21.8
883,2025-06-22,Fresh produce,Corporate Gift,42.6
884,2025-01-07,Fresh produce,Individual,7.6
885,2025-04-20,Beverages,Supermarket Co,31.2
886,2025-08-20,Frozen,Corporate Gift,4.0
887,2025-03-08,Canned goods,Individual,21.3
888,2025-05-04,Dairy,Corporate Gift,33.0
889,2025-05-08,Beverages,Community Drive,21.2
890,2025-08-25,Dry goods,Corporate Gift,10.8
891,2025-03-22,Dairy,Supermarket Co,4.4
892,2025-06-22,Canned goods,Local Farm,46.8
893,2025-08-18,Beverages,Supermarket Co,39.2
894,2025-05-23,Beverages,Individual,27.3
895,2025-01-15,Fresh produce,Community Drive,22.0
896,2025-04-07,Dairy,Individual,44.1
897,2025-04-03,Dairy,Corporate Gift,13.6
898,2025-07-11,Bakery,Corporate Gift,27.3
899,2025-06-30,Fresh produce,Supermarket Co,25.8
900,2025-08-24,Fresh produce,Supermarket Co,14.0
901,2025-01-30,Frozen,Community Drive,15.2
902,2025-02-20,Dry goods,Corporate Gift,17.4
903,2025-02-23,Frozen,Corporate Gift,48.4
904,2025-01-25,Bakery,Local Farm,14.1
905,2025-07-30,Canned goods,Corporate Gift,46.9
906,2025-08-29,Canned goods,Individual,27.0
907,2025-07-13,Bakery,Corporate Gift,40.4
908,2025-04-05,Dry goods,Supermarket Co,38.8
909,2025-04-16,Beverages,Individual,25.7
910,2025-02-12,Canned goods,Corporate Gift,17.4
911,2025-01-20,Dairy,Local Farm,2.3
912,2025-09-03,Dry goods,Individual,18.7
913,2025-04-06,Frozen,Individual,43.4
914,2025-01-29,Dry goods,Community Drive,48.5
915,2025-07-09,Dairy,Corporate Gift,13.4
916,2025-01-31,Canned goods,Local Farm,18.4
917,2025-04-17,Bakery,Local Farm,30.2
918,2025-05-07,Canned goods,Individual,7.5
919,2025-06-23,Bakery,Local Farm,30.7
920,2025-04-10,Fresh produce,Individual,11.8
921,2025-01-31,Dry goods,Community Drive,47.3
922,2025-06-23,Frozen,Corporate Gift,41.6
923,2025-05-24,Frozen,Corporate Gift,5.0
924,2025-08-06,Dry goods,Corporate Gift,24.6
925,2025-08-05,Fresh produce,Corporate Gift,44.9
926,2025-04-07,Fresh produce,Individual,43.8
927,2025-07-03,Bakery,Supermarket Co,13.8
928,2025-04-16,Dry goods,Supermarket Co,34.0
929,2025-07-10,Canned goods,Individual,49.1
930,2025-07-18,Dairy,Supermarket Co,49.6
931,2025-03-05,Dairy,Community Drive,47.4
932,2025-07-02,Canned goods,Individual,4.0
933,2025-06-07,Dairy,Local Farm,46.5
934,2025-01-16,Frozen,Community Drive,17.5
935,2025-02-05,Canned goods,Individual,4.7
936,2025-08-07,Beverages,Corporate Gift,17.3
937,2025-07-15,Dairy,Supermarket Co,46.4
938,2025-07-01,Dry goods,Supermarket Co,1.4
939,2025-06-28,Dairy,Local Farm,22.3
940,2025-04-01,Fresh produce,Supermarket Co,9.3
941,2025-06-17,Frozen,Corporate Gift,1.4
942,2025-06-04,Dairy,Local Farm,42.1
943,2025-03-29,Dry goods,Community Drive,12.9
944,2025-07-17,Canned goods,Local Farm,31.6
945,2025-06-22,Fresh produce,Corporate Gift,2.5
946,2025-05-05,Fresh produce,Community Drive,31.4
947,2025-01-29,Canned goods,Community Drive,29.6
948,2025-06-05,Dairy,Community Drive,3.8
949,2025-01-05,Fresh produce,Individual,46.5
950,2025-03-08,Dry goods,Corporate Gift,37.1
951,2025-05-16,Dry goods,Community Drive,36.9
952,2025-08-07,Beverages,Corporate Gift,6.2
953,2025-08-02,Beverages,Supermarket Co,45.2
954,2025-05-30,Dry goods,Supermarket Co,9.0
955,2025-09-06,Bakery,Local Farm,6.6
956,2025-03-29,Dry goods,Local Farm,30.3
957,2025-06-13,Dairy,Corporate Gift,28.3
958,2025-04-07,Dry goods,Corporate Gift,18.4
959,2025-07-27,Dairy,Corporate Gift,11.1
960,2025-07-25,Bakery,Individual,45.2
961,2025-05-07,Canned goods,Supermarket Co,43.1
962,2025-04-05,Fresh produce,Individual,30.0
963,2025-02-22,Bakery,Community Drive,34.9
964,2025-04-22,Frozen,Community Drive,45.0
965,2025-06-12,Canned goods,Corporate Gift,38.2
966,2025-07-24,Beverages,Community Drive,16.5
967,2025-04-14,Frozen,Supermarket Co,19.0
968,2025-07-16,Bakery,Corporate Gift,16.2
969,2025-05-15,Fresh produce,Community Drive,31.9
970,2025-07-15,Canned goods,Corporate Gift,7.9
971,2025-03-12,Canned goods,Individual,4.6
972,2025-08-15,Beverages,Supermarket Co,4.6
973,2025-03-26,Beverages,Supermarket Co,25.9
974,2025-01-15,Frozen,Corporate Gift,35.0
975,2025-01-26,Fresh produce,Local Farm,49.9
976,2025-03-30,Canned goods,Local Farm,48.8
977,2025-07-05,Canned goods,Supermarket Co,11.1
978,2025-04-02,Fresh produce,Individual,1.7
979,2025-06-19,Beverages,Local Farm,15.1
980,2025-01-16,Bakery,Individual,31.1
981,2025-05-20,Beverages,Community Drive,14.3
982,2025-05-15,Fresh produce,Individual,5.1
983,2025-03-22,Beverages,Local Farm,22.1
984,2025-03-09,Bakery,Corporate Gift,33.4
985,2025-06-16,Canned goods,Community Drive,26.6
986,2025-06-27,Canned goods,Corporate Gift,25.7
987,2025-06-01,Fresh produce,Community Drive,35.3
988,2025-08-21,Dairy,Local Farm,5.8
989,2025-09-04,Canned goods,Supermarket Co,7.6
990,2025-01-01,Fresh produce,Corporate Gift,3.4
991,2025-05-22,Fresh produce,Community Drive,2.4
992,2025-02-16,Fresh produce,Supermarket Co,3.9
993,2025-04-06,Fresh produce,Corporate Gift,15.3
994,2025-05-26,Dry goods,Supermarket Co,36.4
995,2025-04-09,Canned goods,Individual,33.0
996,2025-05-30,Dairy,Community Drive,5.7
997,2025-04-14,Dairy,Local Farm,3.6
998,2025-06-03,Frozen,Local Farm,28.9
999,2025-01-25,Beverages,Supermarket Co,43.8
1000,2025-02-07,Fresh produce,Local Farm,19.5
1001,2025-08-09,Bakery,Individual,10.0
1002,2025-08-11,Canned goods,Corporate Gift,40.5
1003,2025-06-01,Fresh produce,Local Farm,25.7
1004,2025-06-29,Bakery,Individual,43.7
1005,2025-06-16,Bakery,Supermarket Co,7.2
1006,2025-05-07,Dairy,Supermarket Co,2.0
1007,2025-01-20,Canned goods,Local Farm,6.5
1008,2025-07-07,Dry goods,Community Drive,4.8
1009,2025-07-14,Canned goods,Community Drive,18.9
1010,2025-07-01,Canned goods,Corporate Gift,21.1
1011,2025-06-26,Dry goods,Corporate Gift,9.9
1012,2025-05-11,Beverages,Supermarket Co,37.6
1013,2025-03-06,Dry goods,Corporate Gift,39.7
1014,2025-07-10,Dry goods,Local Farm,46.8
1015,2025-09-04,Bakery,Individual,9.6
1016,2025-05-04,Frozen,Local Farm,22.7
1017,2025-02-23,Frozen,Local Farm,45.1
1018,2025-03-11,Beverages,Corporate Gift,43.0
1019,2025-01-30,Bakery,Local Farm,27.3
1020,2025-05-05,Frozen,Individual,46.1
1021,2025-04-23,Beverages,Supermarket Co,1.1
1022,2025-06-16,Frozen,Individual,2.9
1023,2025-03-07,Bakery,Supermarket Co,17.2
1024,2025-04-04,Beverages,Corporate Gift,12.0
1025,2025-07-21,Dry goods,Individual,38.1
1026,2025-02-28,Fresh produce,Supermarket Co,44.1
1027,2025-04-18,Frozen,Local Farm,11.6
1028,2025-04-19,Beverages,Corporate Gift,8.4
1029,2025-03-16,Bakery,Supermarket Co,17.7
1030,2025-01-23,Dry goods,Individual,38.5
1031,2025-06-16,Dry goods,Individual,47.2
1032,2025-03-07,Beverages,Local Farm,41.6
1033,2025-03-18,Canned goods,Supermarket Co,43.9
1034,2025-01-22,Beverages,Individual,29.0
1035,2025-07-17,Fresh produce,Individual,45.4
1036,2025-08-01,Canned goods,Corporate Gift,13.7
1037,2025-01-02,Canned goods,Individual,44.6
1038,2025-03-12,Dry goods,Corporate Gift,43.1
1039,2025-03-19,Fresh produce,Corporate Gift,3.8
1040,2025-01-13,Bakery,Local Farm,15.1
1041,2025-02-27,Beverages,Community Drive,10.4
1042,2025-03-08,Beverages,Individual,42.7
1043,2025-03-04,Canned goods,Community Drive,14.4
1044,2025-01-28,Frozen,Individual,19.9
1045,2025-06-14,Frozen,Community Drive,1.2
1046,2025-08-15,Bakery,Individual,46.4
1047,2025-01-15,Fresh produce,Supermarket Co,4.4
1048,2025-03-20,Frozen,Supermarket Co,47.6
1049,2025-07-12,Dry goods,Community Drive,36.7
1050,2025-02-23,Dry goods,Individual,33.3
1051,2025-03-22,Dairy,Local Farm,30.0
1052,2025-04-06,Beverages,Supermarket Co,22.9
1053,2025-01-22,Dairy,Community Drive,28.7
1054,2025-08-29,Fresh produce,Individual,40.5
1055,2025-06-17,Dry goods,Supermarket Co,14.0
1056,2025-06-19,Dry goods,Community Drive,27.6
1057,2025-03-06,Dairy,Corporate Gift,2.4
1058,2025-07-07,Frozen,Local Farm,12.4
1059,2025-04-27,Frozen,Local Farm,31.1
1060,2025-01-11,Canned goods,Individual,6.4
1061,2025-01-29,Frozen,Local Farm,20.3
1062,2025-07-21,Beverages,Local Farm,30.4
1063,2025-08-27,Canned goods,Supermarket Co,8.1
1064,2025-04-05,Dairy,Corporate Gift,7.1
1065,2025-04-05,Bakery,Corporate Gift,21.5
1066,2025-04-19,Frozen,Supermarket Co,41.7
1067,2025-03-12,Dry goods,Local Farm,13.8
1068,2025-04-27,Dairy,Local Farm,36.7
1069,2025-02-17,Frozen,Corporate Gift,21.7
1070,2025-07-05,Dry goods,Individual,49.5
1071,2025-02-11,Canned goods,Community Drive,47.9
1072,2025-02-24,Beverages,Local Farm,14.3
1073,2025-02-13,Dry goods,Local Farm,27.1
1074,2025-07-23,Bakery,Supermarket Co,26.3
1075,2025-09-04,Beverages,Supermarket Co,26.6
1076,2025-02-16,Fresh produce,Local Farm,42.0
1077,2025-02-12,Canned goods,Supermarket Co,25.4
1078,2025-01-31,Canned goods,Community Drive,14.2
1079,2025-08-09,Bakery,Local Farm,4.8
1080,2025-05-09,Beverages,Local Farm,10.1
1081,2025-08-09,Frozen,Local Farm,41.0
1082,2025-04-20,Dry goods,Local Farm,25.4
1083,2025-02-09,Bakery,Community Drive,11.6
1084,2025-01-13,Bakery,Corporate Gift,29.0
1085,2025-05-12,Dairy,Individual,30.0
1086,2025-07-05,Canned goods,Corporate Gift,7.8
1087,2025-02-24,Canned goods,Supermarket Co,43.8
1088,2025-04-10,Dairy,Community Drive,41.9
1089,2025-06-10,Canned goods,Individual,27.6
1090,2025-07-31,Beverages,Individual,46.2
1091,2025-02-18,Bakery,Individual,23.0
1092,2025-02-17,Dairy,Supermarket Co,30.0
1093,2025-03-24,Canned goods,Corporate Gift,7.8
1094,2025-03-17,Bakery,Local Farm,19.5
1095,2025-08-29,Canned goods,Local Farm,27.0
1096,2025-03-26,Frozen,Individual,12.4
1097,2025-08-10,Dairy,Community Drive,48.9
1098,2025-07-06,Canned goods,Supermarket Co,38.6
1099,2025-02-25,Dairy,Community Drive,24.3
1100,2025-02-25,Fresh produce,Individual,7.7
1101,2025-03-06,Dairy,Community Drive,10.9
1102,2025-02-01,Beverages,Community Drive,37.1
1103,2025-03-13,Bakery,Supermarket Co,48.0
1104,2025-08-16,Frozen,Local Farm,32.7
1105,2025-03-16,Canned goods,Corporate Gift,15.8
1106,2025-03-13,Frozen,Corporate Gift,24.5
1107,2025-05-13,Dry goods,Corporate Gift,34.8
1108,2025-07-26,Bakery,Supermarket Co,45.6
1109,2025-03-16,Dry goods,Local Farm,34.4
1110,2025-02-16,Frozen,Local Farm,44.7
1111,2025-02-06,Dry goods,Corporate Gift,33.0
1112,2025-06-28,Canned goods,Corporate Gift,25.6
1113,2025-01-22,Dry goods,Community Drive,33.0
1114,2025-03-06,Frozen,Individual,11.4
1115,2025-08-14,Bakery,Community Drive,46.6
1116,2025-06-28,Frozen,Supermarket Co,48.0
1117,2025-03-13,Bakery,Supermarket Co,28.4
1118,2025-07-19,Dry goods,Community Drive,11.4
1119,2025-05-18,Fresh produce,Individual,6.3
1120,2025-04-16,Dairy,Community Drive,40.0
1121,2025-05-21,Fresh produce,Supermarket Co,7.6
1122,2025-03-09,Frozen,Local Farm,27.0
1123,2025-02-27,Frozen,Community Drive,39.7
1124,2025-03-07,Dairy,Local Farm,10.9
1125,2025-04-22,Bakery,Corporate Gift,31.3
1126,2025-03-01,Dry goods,Corporate Gift,3.4
1127,2025-01-18,Frozen,Community Drive,22.0
1128,2025-03-09,Frozen,Individual,18.0
1129,2025-04-30,Fresh produce,Supermarket Co,9.3
1130,2025-05-26,Dairy,Corporate Gift,21.6
1131,2025-08-16,Bakery,Supermarket Co,34.0
1132,2025-05-20,Bakery,Supermarket Co,15.1
1133,2025-05-04,Fresh produce,Individual,46.5
1134,2025-03-31,Dry goods,Community Drive,48.4
1135,2025-04-18,Frozen,Corporate Gift,41.2
1136,2025-03-12,Dry goods,Corporate Gift,28.6
1137,2025-02-23,Fresh produce,Local Farm,41.3
1138,2025-02-09,Dairy,Supermarket Co,29.2
1139,2025-08-09,Frozen,Local Farm,40.7
1140,2025-08-05,Bakery,Supermarket Co,9.6
1141,2025-05-28,Bakery,Supermarket Co,49.8
1142,2025-08-19,Frozen,Community Drive,28.2
1143,2025-05-06,Dry goods,Supermarket Co,48.3
1144,2025-06-26,Beverages,Individual,18.3
1145,2025-08-19,Fresh produce,Local Farm,47.7
1146,2025-02-20,Fresh produce,Individual,48.6
1147,2025-02-15,Frozen,Corporate Gift,3.6
1148,2025-07-28,Bakery,Supermarket Co,17.1
1149,2025-07-26,Bakery,Corporate Gift,45.6
1150,2025-02-24,Fresh produce,Corporate Gift,18.8
1151,2025-07-25,Frozen,Individual,11.4
1152,2025-04-15,Frozen,Local Farm,1.0
1153,2025-02-28,Frozen,Supermarket Co,15.4
1154,2025-02-05,Fresh produce,Community Drive,48.0
1155,2025-08-29,Fresh produce,Community Drive,5.3
1156,2025-08-22,Bakery,Individual,47.9
1157,2025-03-31,Frozen,Individual,30.5
1158,2025-06-20,Canned goods,Individual,17.3
1159,2025-06-24,Dry goods,Individual,14.6
1160,2025-01-11,Bakery,Community Drive,39.7
1161,2025-08-04,Dairy,Supermarket Co,37.0
1162,2025-02-09,Fresh produce,Individual,27.4
1163,2025-02-25,Beverages,Individual,20.3
1164,2025-04-25,Dairy,Corporate Gift,44.4
1165,2025-04-23,Bakery,Corporate Gift,36.2
1166,2025-01-30,Bakery,Corporate Gift,8.7
1167,2025-07-16,Frozen,Supermarket Co,9.6
1168,2025-03-13,Dairy,Corporate Gift,3.1
1169,2025-02-13,Dairy,Local Farm,3.6
1170,2025-06-22,Dry goods,Local Farm,31.9
1171,2025-01-07,Fresh produce,Local Farm,16.5
1172,2025-04-28,Canned goods,Local Farm,47.5
1173,2025-09-03,Dry goods,Individual,33.5
1174,2025-01-03,Beverages,Community Drive,46.9
1175,2025-07-31,Beverages,Local Farm,9.8
1176,2025-02-25,Fresh produce,Community Drive,2.6
1177,2025-01-07,Frozen,Individual,36.6
1178,2025-05-01,Dry goods,Community Drive,6.0
1179,2025-04-26,Beverages,Corporate Gift,13.9
1180,2025-02-06,Canned goods,Corporate Gift,1.9
1181,2025-06-01,Dairy,Supermarket Co,12.4
1182,2025-01-01,Beverages,Local Farm,1.7
1183,2025-02-12,Fresh produce,Individual,16.6
1184,2025-05-08,Fresh produce,Corporate Gift,45.9
1185,2025-06-05,Dry goods,Local Farm,22.5
1186,2025-07-20,Beverages,Corporate Gift,17.8
1187,2025-02-10,Fresh produce,Supermarket Co,31.3
1188,2025-08-18,Canned goods,Corporate Gift,41.8
1189,2025-06-08,Beverages,Local Farm,23.8
1190,2025-01-04,Dairy,Community Drive,26.9
1191,2025-02-06,Dry goods,Supermarket Co,10.7
1192,2025-04-01,Dry goods,Local Farm,26.8
1193,2025-05-06,Bakery,Supermarket Co,45.6
1194,2025-01-16,Frozen,Corporate Gift,37.8
1195,2025-05-30,Dairy,Corporate Gift,42.8
1196,2025-08-26,Dry goods,Supermarket Co,16.7
1197,2025-01-05,Dairy,Local Farm,27.0
1198,2025-07-02,Dairy,Individual,42.7
1199,2025-06-23,Bakery,Supermarket Co,38.3
1200,2025-02-23,Fresh produce,Supermarket Co,22.6
1201,2025-06-18,Frozen,Corporate Gift,38.6
1202,2025-08-30,Beverages,Local Farm,12.0
1203,2025-03-08,Beverages,Local Farm,40.5
1204,2025-03-07,Dry goods,Community Drive,1.7
1205,2025-05-13,Beverages,Individual,30.7
1206,2025-07-15,Fresh produce,Community Drive,22.4
1207,2025-02-18,Canned goods,Corporate Gift,22.8
1208,2025-06-10,Fresh produce,Local Farm,32.0
1209,2025-04-16,Frozen,Community Drive,11.6
1210,2025-06-13,Fresh produce,Corporate Gift,12.4
1211,2025-04-26,Fresh produce,Local Farm,44.1
1212,2025-06-01,Beverages,Community Drive,49.4
1213,2025-01-11,Fresh produce,Individual,16.3
1214,2025-08-17,Frozen,Community Drive,1.9
1215,2025-05-29,Canned goods,Local Farm,48.1
1216,2025-04-30,Dairy,Supermarket Co,32.5
1217,2025-04-20,Beverages,Individual,44.2
1218,2025-02-28,Bakery,Individual,29.6
1219,2025-05-20,Dry goods,Local Farm,12.6
1220,2025-03-13,Canned goods,Individual,2.9
1221,2025-01-24,Dry goods,Individual,19.7
1222,2025-02-27,Frozen,Supermarket Co,20.2
1223,2025-04-17,Dry goods,Community Drive,8.2
1224,2025-08-09,Frozen,Individual,20.3
1225,2025-05-02,Dairy,Community Drive,26.1
1226,2025-07-21,Canned goods,Community Drive,46.2
1227,2025-05-30,Canned goods,Community Drive,33.5
1228,2025-02-14,Canned goods,Supermarket Co,35.5
1229,2025-01-05,Beverages,Community Drive,33.2
1230,2025-04-06,Frozen,Corporate Gift,10.5
1231,2025-01-15,Bakery,Individual,35.6
1232,2025-07-10,Dry goods,Corporate Gift,5.5
1233,2025-05-18,Frozen,Corporate Gift,8.3
1234,2025-04-10,Bakery,Community Drive,37.5
1235,2025-05-22,Frozen,Individual,45.4
1236,2025-02-28,Beverages,Supermarket Co,48.8
1237,2025-02-26,Dry goods,Individual,1.9
1238,2025-03-20,Beverages,Corporate Gift,24.1
1239,2025-08-14,Fresh produce,Supermarket Co,43.1
1240,2025-06-12,Dairy,Community Drive,31.4
1241,2025-05-25,Canned goods,Local Farm,31.5
1242,2025-08-31,Canned goods,Supermarket Co,9.1
1243,2025-08-13,Canned goods,Community Drive,47.4
1244,2025-06-25,Dry goods,Community Drive,9.3
1245,2025-05-04,Fresh produce,Supermarket Co,6.6
1246,2025-03-16,Fresh produce,Individual,37.7
1247,2025-06-29,Bakery,Community Drive,20.2
1248,2025-03-26,Dry goods,Supermarket Co,48.6
1249,2025-02-02,Fresh produce,Supermarket Co,31.9
1250,2025-04-15,Canned goods,Local Farm,25.3
1251,2025-05-17,Beverages,Corporate Gift,39.9
1252,2025-02-14,Dairy,Community Drive,37.0
1253,2025-03-21,Bakery,Corporate Gift,44.9
1254,2025-01-07,Beverages,Local Farm,44.8
1255,2025-02-27,Dairy,Individual,14.6
1256,2025-03-31,Dairy,Community Drive,6.2
1257,2025-06-03,Bakery,Supermarket Co,38.0
1258,2025-03-22,Dry goods,Local Farm,8.3
1259,2025-06-28,Fresh produce,Community Drive,25.9
1260,2025-02-11,Dairy,Individual,1.3
1261,2025-04-22,Bakery,Supermarket Co,17.0
1262,2025-08-01,Fresh produce,Local Farm,16.1
1263,2025-03-18,Dairy,Community Drive,38.7
1264,2025-04-19,Canned goods,Community Drive,27.0
1265,2025-07-12,Canned goods,Corporate Gift,41.8
1266,2025-03-04,Dairy,Community Drive,8.8
1267,2025-02-07,Beverages,Local Farm,22.9
1268,2025-01-02,Frozen,Corporate Gift,43.9
1269,2025-02-08,Fresh produce,Local Farm,10.0
1270,2025-01-01,Frozen,Community Drive,29.5
1271,2025-05-20,Fresh produce,Individual,17.4
1272,2025-05-03,Bakery,Community Drive,3.6
1273,2025-09-01,Beverages,Supermarket Co,33.0
1274,2025-05-18,Beverages,Corporate Gift,27.6
1275,2025-02-19,Canned goods,Individual,39.7
1276,2025-05-10,Fresh produce,Supermarket Co,35.3
1277,2025-01-05,Beverages,Individual,31.8
1278,2025-06-13,Fresh produce,Community Drive,47.2
1279,2025-06-27,Frozen,Community Drive,43.3
1280,2025-06-14,Frozen,Corporate Gift,33.6
1281,2025-04-13,Canned goods,Corporate Gift,25.8
1282,2025-02-11,Fresh produce,Supermarket Co,48.0
1283,2025-01-01,Beverages,Community Drive,8.1
1284,2025-02-15,Bakery,Individual,49.9
1285,2025-01-16,Fresh produce,Individual,29.2
1286,2025-08-27,Fresh produce,Community Drive,24.5
1287,2025-05-08,Fresh produce,Community Drive,48.6
1288,2025-01-10,Dry goods,Supermarket Co,12.0
1289,2025-08-10,Dairy,Corporate Gift,21.4
1290,2025-06-14,Bakery,Supermarket Co,48.9
1291,2025-03-19,Frozen,Supermarket Co,19.5
1292,2025-05-05,Beverages,Individual,26.2
1293,2025-07-08,Frozen,Community Drive,41.4
1294,2025-08-13,Dry goods,Local Farm,32.6
1295,2025-01-29,Dry goods,Community Drive,4.8
1296,2025-03-25,Dairy,Corporate Gift,44.3
1297,2025-07-31,Canned goods,Local Farm,11.9
1298,2025-02-02,Fresh produce,Individual,22.8
1299,2025-08-08,Frozen,Community Drive,24.8
1300,2025-08-24,Canned goods,Individual,43.5
1301,2025-04-15,Beverages,Individual,24.6
1302,2025-02-11,Dairy,Corporate Gift,4.1
1303,2025-05-20,Beverages,Local Farm,30.6
1304,2025-06-23,Dairy,Corporate Gift,49.5
1305,2025-08-31,Fresh produce,Corporate Gift,44.1
1306,2025-01-18,Dairy,Local Farm,36.1
1307,2025-08-24,Dry goods,Local Farm,5.2
1308,2025-02-28,Beverages,Supermarket Co,26.3
1309,2025-06-21,Frozen,Local Farm,29.4
1310,2025-08-06,Dry goods,Local Farm,35.6
1311,2025-05-24,Dry goods,Local Farm,6.5
1312,2025-04-01,Dairy,Local Farm,8.8
1313,2025-06-13,Bakery,Corporate Gift,21.0
1314,2025-05-27,Bakery,Individual,48.8
1315,2025-04-03,Bakery,Supermarket Co,32.4
1316,2025-08-11,Dry goods,Community Drive,17.4
1317,2025-05-12,Bakery,Local Farm,39.1
1318,2025-01-08,Dry goods,Local Farm,26.5
1319,2025-01-21,Fresh produce,Community Drive,12.7
1320,2025-04-19,Beverages,Supermarket Co,3.3
1321,2025-01-15,Bakery,Local Farm,2.6
1322,2025-01-18,Beverages,Supermarket Co,9.0
1323,2025-06-22,Dry goods,Community Drive,13.6
1324,2025-05-27,Canned goods,Individual,1.6
1325,2025-04-01,Dairy,Local Farm,9.2
1326,2025-04-16,Dry goods,Community Drive,42.3
1327,2025-08-20,Bakery,Supermarket Co,29.4
1328,2025-04-13,Bakery,Local Farm,24.6
1329,2025-02-14,Beverages,Supermarket Co,8.2
1330,2025-06-13,Dry goods,Local Farm,20.6
1331,2025-04-19,Dry goods,Individual,15.7
1332,2025-06-17,Bakery,Individual,38.6
1333,2025-07-27,Fresh produce,Community Drive,36.5
1334,2025-02-27,Beverages,Corporate Gift,1.7
1335,2025-04-29,Frozen,Community Drive,36.3
1336,2025-04-19,Dry goods,Corporate Gift,27.6
1337,2025-05-25,Canned goods,Corporate Gift,5.7
1338,2025-02-26,Fresh produce,Individual,14.3
1339,2025-04-15,Frozen,Supermarket Co,6.6
1340,2025-02-12,Bakery,Individual,12.1
1341,2025-01-04,Dairy,Community Drive,1.7
1342,2025-03-27,Bakery,Corporate Gift,45.7
1343,2025-01-14,Dairy,Supermarket Co,42.5
1344,2025-04-08,Frozen,Supermarket Co,22.5
1345,2025-02-18,Fresh produce,Supermarket Co,48.1
1346,2025-07-15,Canned goods,Local Farm,44.8
1347,2025-03-10,Beverages,Corporate Gift,33.3
1348,2025-06-08,Dry goods,Individual,35.0
1349,2025-02-04,Dry goods,Corporate Gift,21.1
1350,2025-07-14,Beverages,Corporate Gift,18.7
1351,2025-05-03,Dairy,Community Drive,10.2
1352,2025-03-10,Frozen,Corporate Gift,36.4
1353,2025-05-28,Dry goods,Corporate Gift,48.9
1354,2025-05-20,Dairy,Local Farm,39.9
1355,2025-08-30,Dry goods,Individual,46.0
1356,2025-03-10,Beverages,Supermarket Co,23.8
1357,2025-01-23,Dairy,Community Drive,25.5
1358,2025-01-14,Dairy,Community Drive,3.1
1359,2025-08-25,Dry goods,Local Farm,4.6
1360,2025-02-12,Canned goods,Individual,4.4
1361,2025-08-31,Canned goods,Individual,49.2
1362,2025-01-02,Bakery,Individual,47.7
1363,2025-02-17,Bakery,Local Farm,47.0
1364,2025-07-21,Dry goods,Local Farm,48.2
1365,2025-02-14,Dairy,Community Drive,37.8
1366,2025-08-06,Beverages,Corporate Gift,4.2
1367,2025-08-26,Dairy,Individual,43.3
1368,2025-03-23,Bakery,Corporate Gift,45.4
1369,2025-01-14,Dairy,Corporate Gift,6.9
1370,2025-08-15,Dairy,Local Farm,44.1
1371,2025-08-14,Dairy,Community Drive,30.5
1372,2025-02-10,Bakery,Supermarket Co,41.1
1373,2025-02-19,Frozen,Supermarket Co,22.8
1374,2025-07-10,Beverages,Corporate Gift,6.3
1375,2025-07-30,Fresh produce,Community Drive,19.9
1376,2025-04-27,Frozen,Supermarket Co,42.4
1377,2025-08-24,Beverages,Individual,3.2
1378,2025-03-23,Dry goods,Supermarket Co,45.0
1379,2025-02-11,Canned goods,Community Drive,18.2
1380,2025-06-06,Bakery,Local Farm,9.9
1381,2025-06-23,Fresh produce,Corporate Gift,6.6
1382,2025-04-27,Dairy,Corporate Gift,22.3
1383,2025-07-07,Beverages,Individual,26.1
1384,2025-05-08,Dry goods,Local Farm,38.7
1385,2025-03-15,Canned goods,Individual,20.8
1386,2025-05-25,Dry goods,Corporate Gift,22.2
1387,2025-01-13,Frozen,Individual,9.6
1388,2025-02-13,Canned goods,Local Farm,29.0
1389,2025-05-11,Frozen,Community Drive,36.4
1390,2025-08-29,Canned goods,Local Farm,23.7
1391,2025-07-10,Dairy,Supermarket Co,9.6
1392,2025-06-04,Fresh produce,Community Drive,38.0
1393,2025-01-11,Dry goods,Individual,38.9
1394,2025-01-07,Bakery,Supermarket Co,20.7
1395,2025-09-05,Dry goods,Community Drive,36.2
1396,2025-05-16,Dairy,Supermarket Co,20.2
1397,2025-06-30,Beverages,Local Farm,36.7
1398,2025-04-21,Fresh produce,Individual,34.0
1399,2025-03-04,Bakery,Individual,10.3
1400,2025-08-26,Fresh produce,Supermarket Co,36.8
1401,2025-01-12,Frozen,Individual,10.4
1402,2025-08-10,Canned goods,Individual,24.5
1403,2025-02-20,Bakery,Individual,37.7
1404,2025-05-30,Canned goods,Supermarket Co,13.0
1405,2025-02-07,Bakery,Supermarket Co,45.8
1406,2025-07-05,Dairy,Supermarket Co,4.7
1407,2025-07-14,Canned goods,Individual,20.6
1408,2025-07-04,Dairy,Supermarket Co,37.6
1409,2025-05-10,Fresh produce,Community Drive,8.4
1410,2025-04-23,Frozen,Community Drive,45.5
1411,2025-08-05,Frozen,Individual,30.9
1412,2025-01-23,Bakery,Local Farm,5.8
1413,2025-04-16,Fresh produce,Individual,26.2
1414,2025-02-11,Dry goods,Supermarket Co,29.0
1415,2025-06-12,Fresh produce,Community Drive,12.2
1416,2025-05-10,Bakery,Individual,43.7
1417,2025-07-17,Bakery,Supermarket Co,21.1
1418,2025-06-06,Frozen,Individual,4.0
1419,2025-04-06,Fresh produce,Community Drive,14.1
1420,2025-08-30,Dairy,Community Drive,3.0
1421,2025-05-14,Dry goods,Individual,12.3
1422,2025-08-14,Frozen,Local Farm,4.3
1423,2025-01-30,Dry goods,Community Drive,12.6
1424,2025-05-09,Beverages,Community Drive,42.8
1425,2025-02-13,Dairy,Individual,1.9
1426,2025-07-10,Beverages,Local Farm,6.4
1427,2025-04-14,Fresh produce,Supermarket Co,9.8
1428,2025-04-26,Dairy,Corporate Gift,41.4
1429,2025-06-22,Bakery,Individual,26.8
1430,2025-05-08,Dry goods,Community Drive,7.8
1431,2025-03-17,Beverages,Individual,48.8
1432,2025-06-29,Frozen,Local Farm,17.2
1433,2025-06-25,Dry goods,Corporate Gift,6.4
1434,2025-01-27,Bakery,Supermarket Co,6.6
1435,2025-09-03,Canned goods,Corporate Gift,37.6
1436,2025-02-03,Beverages,Individual,43.1
1437,2025-08-08,Canned goods,Local Farm,5.9
1438,2025-08-06,Dairy,Supermarket Co,39.1
1439,2025-03-31,Frozen,Supermarket Co,35.8
1440,2025-08-14,Frozen,Individual,13.2
1441,2025-03-23,Fresh produce,Local Farm,32.7
1442,2025-08-23,Dry goods,Community Drive,28.2
1443,2025-06-17,Beverages,Individual,28.1
1444,2025-05-06,Fresh produce,Corporate Gift,47.0
1445,2025-06-15,Dairy,Individual,10.0
1446,2025-04-17,Bakery,Community Drive,23.4
1447,2025-07-04,Frozen,Community Drive,7.0
1448,2025-02-15,Bakery,Community Drive,46.7
1449,2025-04-06,Dairy,Local Farm,41.6
1450,2025-04-08,Bakery,Community Drive,45.6
1451,2025-01-25,Bakery,Corporate Gift,10.6
1452,2025-08-22,Dry goods,Community Drive,36.5
1453,2025-02-01,Beverages,Corporate Gift,33.5
1454,2025-08-09,Dry goods,Community Drive,42.5
1455,2025-04-05,Bakery,Community Drive,15.9
1456,2025-03-10,Dairy,Community Drive,11.7
1457,2025-07-25,Beverages,Corporate Gift,20.8
1458,2025-01-09,Canned goods,Local Farm,44.9
1459,2025-08-25,Dry goods,Local Farm,31.2
1460,2025-01-07,Bakery,Community Drive,47.0
1461,2025-05-14,Canned goods,Supermarket Co,36.5
1462,2025-05-11,Bakery,Individual,16.0
1463,2025-08-07,Dry goods,Supermarket Co,44.0
1464,2025-02-02,Bakery,Local Farm,23.4
1465,2025-07-17,Beverages,Individual,2.9
1466,2025-05-23,Fresh produce,Community Drive,49.8
1467,2025-04-29,Dairy,Supermarket Co,30.8
1468,2025-05-19,Frozen,Supermarket Co,49.7
1469,2025-03-11,Beverages,Corporate Gift,46.0
1470,2025-01-29,Bakery,Community Drive,7.4
1471,2025-06-06,Fresh produce,Local Farm,38.8
1472,2025-06-07,Dairy,Local Farm,34.3
1473,2025-08-17,Dry goods,Supermarket Co,17.0
1474,2025-07-08,Dairy,Community Drive,35.2
1475,2025-05-11,Frozen,Corporate Gift,4.2
1476,2025-05-01,Frozen,Community Drive,22.3
1477,2025-06-15,Bakery,Local Farm,1.2
1478,2025-03-14,Canned goods,Community Drive,48.8
1479,2025-04-12,Fresh produce,Supermarket Co,21.5
1480,2025-06-20,Dry goods,Supermarket Co,19.8
1481,2025-06-05,Bakery,Local Farm,9.2
1482,2025-02-11,Frozen,Individual,15.9
1483,2025-04-06,Fresh produce,Individual,18.0
1484,2025-09-05,Dry goods,Supermarket Co,16.2
1485,2025-08-08,Fresh produce,Supermarket Co,15.7
1486,2025-04-28,Canned goods,Community Drive,42.4
1487,2025-06-10,Frozen,Corporate Gift,28.3
1488,2025-06-18,Beverages,Individual,30.4
1489,2025-01-17,Canned goods,Community Drive,16.8
1490,2025-05-29,Fresh produce,Community Drive,18.2
1491,2025-04-22,Dairy,Supermarket Co,12.5
1492,2025-08-25,Beverages,Local Farm,22.9
1493,2025-04-10,Bakery,Corporate Gift,3.4
1494,2025-03-18,Dairy,Individual,32.6
1495,2025-05-13,Bakery,Supermarket Co,23.6
1496,2025-02-27,Fresh produce,Supermarket Co,21.3
1497,2025-06-10,Bakery,Supermarket Co,49.7
1498,2025-03-07,Bakery,Supermarket Co,48.4
1499,2025-08-08,Frozen,Supermarket Co,18.4
1500,2025-01-09,Frozen,Corporate Gift,19.0
1501,2025-01-30,Canned goods,Individual,43.9
1502,2025-03-13,Bakery,Supermarket Co,12.2
1503,2025-01-18,Dry goods,Local Farm,25.2
1504,2025-08-08,Beverages,Individual,26.0
1505,2025-01-10,Frozen,Individual,7.3
1506,2025-08-08,Frozen,Local Farm,30.7
1507,2025-07-26,Canned goods,Corporate Gift,10.9
1508,2025-06-08,Bakery,Supermarket Co,19.9
1509,2025-05-29,Fresh produce,Corporate Gift,49.6
1510,2025-04-07,Dry goods,Individual,40.7
1511,2025-07-12,Frozen,Individual,18.7
1512,2025-06-18,Dairy,Supermarket Co,30.6
1513,2025-07-16,Bakery,Supermarket Co,18.8
1514,2025-06-17,Bakery,Corporate Gift,24.0
1515,2025-02-15,Canned goods,Individual,49.7
1516,2025-06-05,Dairy,Supermarket Co,25.8
1517,2025-02-09,Frozen,Local Farm,13.7
1518,2025-03-30,Bakery,Corporate Gift,47.5
1519,2025-03-06,Dry goods,Corporate Gift,16.2
1520,2025-03-09,Frozen,Supermarket Co,28.1
1521,2025-05-13,Beverages,Individual,47.0
1522,2025-05-13,Frozen,Individual,32.6
1523,2025-01-18,Beverages,Local Farm,34.6
1524,2025-02-24,Dry goods,Local Farm,41.8
1525,2025-04-08,Frozen,Supermarket Co,17.7
1526,2025-01-12,Dairy,Supermarket Co,9.1
1527,2025-06-13,Fresh produce,Supermarket Co,21.7
1528,2025-04-16,Beverages,Supermarket Co,47.9
1529,2025-04-26,Bakery,Individual,42.9
1530,2025-07-30,Dairy,Corporate Gift,21.7
1531,2025-01-12,Fresh produce,Supermarket Co,7.7
1532,2025-03-05,Bakery,Supermarket Co,48.5
1533,2025-09-07,Fresh produce,Corporate Gift,31.6
1534,2025-03-23,Bakery,Supermarket Co,33.3
1535,2025-04-01,Canned goods,Community Drive,7.1
1536,2025-03-14,Frozen,Community Drive,12.6
1537,2025-03-14,Bakery,Individual,33.1
1538,2025-04-12,Dry goods,Local Farm,31.9
1539,2025-04-11,Fresh produce,Supermarket Co,8.5
1540,2025-01-02,Frozen,Corporate Gift,10.6
1541,2025-06-10,Fresh produce,Corporate Gift,32.8
1542,2025-03-12,Dry goods,Individual,47.4
1543,2025-02-13,Bakery,Supermarket Co,33.2
1544,2025-07-07,Fresh produce,Community Drive,3.3
1545,2025-03-05,Bakery,Supermarket Co,30.0
1546,2025-08-26,Frozen,Community Drive,48.3
1547,2025-01-15,Frozen,Individual,5.8
1548,2025-02-03,Canned goods,Community Drive,1.4
1549,2025-05-08,Canned goods,Supermarket Co,10.3
1550,2025-02-10,Frozen,Supermarket Co,9.6
1551,2025-07-19,Beverages,Individual,11.9
1552,2025-05-29,Fresh produce,Individual,22.7
1553,2025-06-03,Fresh produce,Community Drive,44.9
1554,2025-05-25,Beverages,Individual,28.5
1555,2025-04-13,Dairy,Corporate Gift,40.8
1556,2025-04-19,Canned goods,Local Farm,3.4
1557,2025-08-19,Dairy,Individual,30.0
1558,2025-06-10,Dairy,Corporate Gift,41.0
1559,2025-05-12,Beverages,Community Drive,14.8
1560,2025-05-16,Canned goods,Individual,39.0
1561,2025-02-20,Frozen,Local Farm,37.5
1562,2025-07-10,Frozen,Individual,41.5
1563,2025-02-14,Dry goods,Individual,39.9
1564,2025-06-08,Frozen,Corporate Gift,18.0
1565,2025-08-10,Dairy,Supermarket Co,41.0
1566,2025-08-24,Dry goods,Supermarket Co,47.3
1567,2025-02-15,Dairy,Supermarket Co,37.2
1568,2025-03-16,Beverages,Supermarket Co,43.8
1569,2025-07-25,Fresh produce,Individual,29.7
1570,2025-02-04,Canned goods,Supermarket Co,47.0
1571,2025-02-01,Fresh produce,Community Drive,48.1
1572,2025-07-31,Bakery,Supermarket Co,11.9
1573,2025-03-10,Frozen,Local Farm,7.2
1574,2025-06-17,Beverages,Individual,33.7
1575,2025-04-04,Bakery,Local Farm,16.7
1576,2025-05-30,Dry goods,Corporate Gift,25.7
1577,2025-04-25,Bakery,Supermarket Co,26.1
1578,2025-03-06,Dry goods,Corporate Gift,45.9
1579,2025-03-08,Dairy,Community Drive,12.6
1580,2025-05-01,Beverages,Corporate Gift,19.3
1581,2025-02-24,Frozen,Corporate Gift,35.1
1582,2025-01-30,Canned goods,Community Drive,5.7
1583,2025-01-31,Fresh produce,Corporate Gift,37.8
1584,2025-02-11,Beverages,Supermarket Co,46.5
1585,2025-09-03,Dry goods,Corporate Gift,7.4
1586,2025-05-12,Frozen,Community Drive,5.6
1587,2025-01-11,Fresh produce,Individual,46.6
1588,2025-06-29,Beverages,Corporate Gift,48.7
1589,2025-01-08,Bakery,Corporate Gift,31.9
1590,2025-07-06,Dairy,Supermarket Co,19.5
1591,2025-05-01,Beverages,Corporate Gift,35.0
1592,2025-05-19,Dairy,Community Drive,34.4
1593,2025-01-30,Fresh produce,Community Drive,48.8
1594,2025-07-14,Dairy,Corporate Gift,35.9
1595,2025-02-13,Beverages,Local Farm,44.9
1596,2025-04-18,Beverages,Community Drive,27.1
1597,2025-03-12,Frozen,Supermarket Co,38.9
1598,2025-05-29,Fresh produce,Individual,43.8
1599,2025-02-07,Canned goods,Local Farm,47.8
1600,2025-07-23,Dairy,Supermarket Co,15.4
1601,2025-07-01,Bakery,Community Drive,19.4
1602,2025-07-31,Beverages,Community Drive,40.5
1603,2025-04-06,Dry goods,Supermarket Co,46.3
1604,2025-06-29,Frozen,Individual,30.5
1605,2025-07-13,Fresh produce,Individual,19.7
1606,2025-08-23,Bakery,Corporate Gift,10.9
1607,2025-06-27,Dry goods,Community Drive,44.2
1608,2025-07-19,Dry goods,Corporate Gift,27.8
1609,2025-03-15,Canned goods,Local Farm,42.3
1610,2025-05-22,Dry goods,Community Drive,28.3
1611,2025-07-20,Beverages,Local Farm,35.5
1612,2025-04-16,Beverages,Individual,34.7
1613,2025-02-08,Frozen,Corporate Gift,20.1
1614,2025-03-20,Dry goods,Community Drive,5.7
1615,2025-03-28,Dairy,Corporate Gift,11.8
1616,2025-04-17,Beverages,Local Farm,25.5
1617,2025-05-05,Fresh produce,Individual,5.7
1618,2025-04-06,Canned goods,Individual,21.2
1619,2025-03-19,Frozen,Corporate Gift,10.9
1620,2025-05-07,Frozen,Corporate Gift,27.0
1621,2025-01-06,Bakery,Individual,35.9
1622,2025-08-08,Dairy,Local Farm,40.1
1623,2025-03-19,Bakery,Supermarket Co,24.0
1624,2025-02-13,Bakery,Corporate Gift,8.3
1625,2025-08-04,Dairy,Individual,25.4
1626,2025-08-21,Bakery,Community Drive,16.2
1627,2025-04-10,Dry goods,Local Farm,16.6
1628,2025-02-06,Canned goods,Supermarket Co,14.2
1629,2025-04-23,Bakery,Local Farm,29.3
1630,2025-02-09,Canned goods,Corporate Gift,4.5
1631,2025-08-08,Beverages,Supermarket Co,23.6
1632,2025-05-17,Bakery,Community Drive,27.1
1633,2025-06-17,Bakery,Supermarket Co,25.6
1634,2025-07-01,Dairy,Community Drive,30.4
1635,2025-06-28,Beverages,Corporate Gift,45.9
1636,2025-06-10,Fresh produce,Supermarket Co,35.1
1637,2025-03-26,Canned goods,Supermarket Co,24.9
1638,2025-06-24,Fresh produce,Community Drive,36.7
1639,2025-04-20,Bakery,Individual,43.1
1640,2025-01-20,Fresh produce,Supermarket Co,45.0
1641,2025-06-11,Beverages,Supermarket Co,20.6
1642,2025-03-17,Canned goods,Community Drive,7.3
1643,2025-08-11,Beverages,Corporate Gift,45.4
1644,2025-05-16,Dairy,Corporate Gift,46.4
1645,2025-02-06,Fresh produce,Community Drive,25.2
1646,2025-03-28,Canned goods,Individual,1.7
1647,2025-02-05,Beverages,Local Farm,7.1
1648,2025-03-12,Bakery,Individual,5.9
1649,2025-09-04,Beverages,Local Farm,39.2
1650,2025-08-29,Bakery,Local Farm,48.6
1651,2025-02-28,Beverages,Local Farm,8.2
1652,2025-04-25,Beverages,Local Farm,36.8
1653,2025-05-26,Fresh produce,Supermarket Co,46.0
1654,2025-01-30,Dairy,Supermarket Co,36.0
1655,2025-03-08,Bakery,Individual,20.0
1656,2025-08-11,Bakery,Supermarket Co,34.1
1657,2025-08-15,Fresh produce,Community Drive,2.8
1658,2025-07-03,Beverages,Corporate Gift,4.9
1659,2025-06-19,Fresh produce,Supermarket Co,47.5
1660,2025-06-06,Canned goods,Local Farm,16.3
1661,2025-01-22,Beverages,Community Drive,38.8
1662,2025-06-04,Canned goods,Corporate Gift,49.7
1663,2025-04-01,Canned goods,Community Drive,36.1
1664,2025-01-16,Fresh produce,Community Drive,29.5
1665,2025-01-07,Dairy,Supermarket Co,8.5
1666,2025-05-13,Canned goods,Community Drive,14.5
1667,2025-01-14,Bakery,Local Farm,20.1
1668,2025-01-09,Dry goods,Corporate Gift,4.7
1669,2025-03-02,Bakery,Community Drive,6.7
1670,2025-04-05,Dry goods,Local Farm,12.6
1671,2025-05-28,Beverages,Community Drive,43.0
1672,2025-02-09,Dry goods,Supermarket Co,46.8
1673,2025-03-15,Frozen,Local Farm,24.1
1674,2025-03-10,Canned goods,Individual,17.1
1675,2025-01-27,Canned goods,Local Farm,33.6
1676,2025-06-14,Dairy,Individual,44.4
1677,2025-08-17,Canned goods,Community Drive,16.6
1678,2025-01-12,Beverages,Individual,42.4
1679,2025-05-19,Bakery,Corporate Gift,38.8
1680,2025-03-26,Beverages,Local Farm,30.4
1681,2025-08-25,Fresh produce,Community Drive,44.3
1682,2025-03-29,Canned goods,Supermarket Co,43.8
1683,2025-06-09,Beverages,Corporate Gift,49.5
1684,2025-03-24,Canned goods,Corporate Gift,25.0
1685,2025-04-08,Beverages,Corporate Gift,4.7
1686,2025-01-21,Frozen,Supermarket Co,6.0
1687,2025-02-02,Beverages,Supermarket Co,11.2
1688,2025-07-05,Dry goods,Individual,12.4
1689,2025-03-12,Dry goods,Local Farm,41.4
1690,2025-02-07,Frozen,Supermarket Co,45.0
1691,2025-03-11,Fresh produce,Corporate Gift,38.2
1692,2025-05-28,Beverages,Individual,10.5
1693,2025-07-12,Bakery,Supermarket Co,23.4
1694,2025-04-27,Dry goods,Local Farm,7.5
1695,2025-03-02,Frozen,Local Farm,42.9
1696,2025-04-11,Bakery,Corporate Gift,39.0
1697,2025-08-26,Frozen,Corporate Gift,31.8
1698,2025-05-11,Dry goods,Corporate Gift,14.7
1699,2025-02-08,Bakery,Community Drive,21.0
1700,2025-07-06,Dry goods,Local Farm,39.3
1701,2025-07-05,Canned goods,Corporate Gift,16.7
1702,2025-02-19,Dairy,Supermarket Co,15.4
1703,2025-01-04,Dairy,Individual,37.7
1704,2025-03-08,Fresh produce,Individual,40.3
1705,2025-05-09,Dry goods,Individual,19.1
1706,2025-08-06,Beverages,Individual,47.4
1707,2025-05-10,Dairy,Local Farm,4.1
1708,2025-07-03,Dry goods,Individual,33.2
1709,2025-03-18,Bakery,Corporate Gift,47.6
1710,2025-03-30,Dairy,Individual,46.0
1711,2025-01-20,Fresh produce,Supermarket Co,46.0
1712,2025-04-20,Fresh produce,Individual,7.0
1713,2025-08-24,Fresh produce,Community Drive,19.4
1714,2025-01-05,Canned goods,Supermarket Co,27.7
1715,2025-03-06,Canned goods,Corporate Gift,8.9
1716,2025-08-06,Bakery,Individual,37.6
1717,2025-02-15,Frozen,Individual,17.0
1718,2025-08-03,Dairy,Community Drive,38.6
1719,2025-02-18,Dry goods,Corporate Gift,25.3
1720,2025-01-20,Bakery,Local Farm,12.4
1721,2025-04-14,Beverages,Supermarket Co,8.3
1722,2025-05-22,Fresh produce,Community Drive,34.0
1723,2025-08-29,Frozen,Corporate Gift,48.8
1724,2025-02-18,Bakery,Corporate Gift,12.2
1725,2025-05-09,Canned goods,Community Drive,12.5
1726,2025-02-20,Dairy,Local Farm,16.1
1727,2025-05-08,Bakery,Local Farm,13.6
1728,2025-06-23,Dairy,Individual,12.7
1729,2025-02-04,Frozen,Individual,41.7
1730,2025-03-18,Canned goods,Community Drive,10.0
1731,2025-03-30,Beverages,Community Drive,16.2
1732,2025-09-06,Dry goods,Supermarket Co,6.6
1733,2025-05-04,Dairy,Corporate Gift,18.8
1734,2025-02-20,Dairy,Local Farm,35.7
1735,2025-04-27,Fresh produce,Local Farm,10.1
1736,2025-08-04,Frozen,Corporate Gift,26.4
1737,2025-07-01,Frozen,Supermarket Co,2.8
1738,2025-08-04,Dairy,Corporate Gift,8.2
1739,2025-09-07,Fresh produce,Local Farm,1.6
1740,2025-01-16,Dairy,Individual,13.0
1741,2025-02-18,Dry goods,Supermarket Co,32.2
1742,2025-08-20,Dry goods,Individual,47.5
1743,2025-07-01,Frozen,Community Drive,4.1
1744,2025-02-16,Frozen,Corporate Gift,5.5
1745,2025-07-28,Canned goods,Individual,2.3
1746,2025-01-08,Bakery,Individual,7.6
1747,2025-09-03,Canned goods,Supermarket Co,9.4
1748,2025-02-19,Dairy,Local Farm,10.5
1749,2025-03-02,Dairy,Corporate Gift,28.2
1750,2025-04-15,Dry goods,Individual,40.4
1751,2025-03-26,Fresh produce,Supermarket Co,14.1
1752,2025-01-29,Bakery,Individual,34.3
1753,2025-08-15,Frozen,Community Drive,19.7
1754,2025-09-07,Dry goods,Community Drive,37.2
1755,2025-08-05,Frozen,Supermarket Co,15.5
1756,2025-02-11,Dairy,Community Drive,29.3
1757,2025-07-13,Dairy,Corporate Gift,45.0
1758,2025-07-27,Canned goods,Individual,6.9
1759,2025-02-06,Dairy,Corporate Gift,13.9
1760,2025-08-30,Dry goods,Individual,47.4
1761,2025-01-07,Frozen,Supermarket Co,14.8
1762,2025-07-20,Beverages,Supermarket Co,8.6
1763,2025-07-05,Dry goods,Local Farm,37.1
1764,2025-07-11,Frozen,Community Drive,15.5
1765,2025-07-12,Dairy,Community Drive,17.1
1766,2025-04-20,Bakery,Individual,3.5
1767,2025-01-25,Fresh produce,Community Drive,3.0
1768,2025-03-18,Dairy,Community Drive,19.2
1769,2025-04-16,Bakery,Supermarket Co,39.3
1770,2025-05-09,Dairy,Supermarket Co,20.0
1771,2025-06-08,Fresh produce,Community Drive,6.8
1772,2025-08-19,Bakery,Corporate Gift,29.2
1773,2025-07-22,Dairy,Community Drive,38.5
1774,2025-08-30,Dairy,Community Drive,13.4
1775,2025-05-26,Dairy,Corporate Gift,18.1
1776,2025-06-04,Fresh produce,Corporate Gift,41.3
1777,2025-03-09,Beverages,Individual,43.3
1778,2025-03-15,Beverages,Community Drive,22.5
1779,2025-07-21,Canned goods,Local Farm,42.3
1780,2025-08-08,Bakery,Corporate Gift,25.5
1781,2025-05-28,Beverages,Corporate Gift,45.5
1782,2025-04-22,Beverages,Individual,40.3
1783,2025-01-05,Dry goods,Individual,21.5
1784,2025-03-03,Canned goods,Community Drive,17.6
1785,2025-04-17,Fresh produce,Local Farm,5.9
1786,2025-03-28,Beverages,Supermarket Co,18.9
1787,2025-05-22,Dry goods,Supermarket Co,20.8
1788,2025-03-13,Beverages,Local Farm,43.0
1789,2025-04-14,Fresh produce,Corporate Gift,40.1
1790,2025-02-06,Canned goods,Supermarket Co,31.2
1791,2025-04-25,Beverages,Supermarket Co,7.7
1792,2025-03-10,Dry goods,Corporate Gift,11.4
1793,2025-05-20,Dry goods,Local Farm,40.6
1794,2025-01-22,Dairy,Corporate Gift,5.4
1795,2025-01-11,Dry goods,Local Farm,39.4
1796,2025-03-08,Fresh produce,Corporate Gift,33.5
1797,2025-07-05,Bakery,Supermarket Co,28.2
1798,2025-07-08,Dairy,Community Drive,48.4
1799,2025-06-15,Canned goods,Community Drive,47.4
1800,2025-05-27,Canned goods,Local Farm,31.4
1801,2025-06-04,Canned goods,Supermarket Co,47.9
1802,2025-05-09,Dairy,Supermarket Co,43.2
1803,2025-05-14,Canned goods,Corporate Gift,29.4
1804,2025-09-01,Bakery,Corporate Gift,31.2
1805,2025-01-10,Frozen,Individual,10.7
1806,2025-03-24,Beverages,Corporate Gift,22.8
1807,2025-07-30,Dry goods,Corporate Gift,19.5
1808,2025-06-10,Beverages,Individual,48.3
1809,2025-01-02,Dairy,Supermarket Co,33.6
1810,2025-03-24,Fresh produce,Local Farm,41.7
1811,2025-01-31,Bakery,Local Farm,8.9
1812,2025-03-28,Fresh produce,Individual,3.2
1813,2025-05-03,Frozen,Corporate Gift,4.2
1814,2025-03-04,Bakery,Corporate Gift,8.3
1815,2025-07-22,Beverages,Individual,7.7
1816,2025-06-24,Frozen,Local Farm,30.4
1817,2025-01-09,Fresh produce,Individual,29.1
1818,2025-04-05,Canned goods,Corporate Gift,27.0
1819,2025-04-26,Canned goods,Individual,39.8
1820,2025-01-02,Bakery,Local Farm,26.2
1821,2025-07-26,Bakery,Supermarket Co,22.6
1822,2025-08-19,Dry goods,Local Farm,12.7
1823,2025-02-03,Canned goods,Supermarket Co,31.0
1824,2025-07-19,Dairy,Individual,13.7
1825,2025-05-29,Fresh produce,Local Farm,31.7
1826,2025-06-11,Frozen,Community Drive,4.1
1827,2025-01-30,Frozen,Individual,23.5
1828,2025-08-16,Bakery,Local Farm,3.8
1829,2025-02-05,Dry goods,Individual,41.2
1830,2025-05-11,Beverages,Individual,32.8
1831,2025-02-02,Dry goods,Individual,40.6
1832,2025-08-04,Dry goods,Corporate Gift,38.3
1833,2025-09-03,Frozen,Local Farm,4.8
1834,2025-01-15,Bakery,Supermarket Co,46.9
1835,2025-02-22,Fresh produce,Local Farm,17.8
1836,2025-07-04,Fresh produce,Corporate Gift,49.6
1837,2025-06-27,Dry goods,Corporate Gift,17.4
1838,2025-08-29,Fresh produce,Supermarket Co,37.4
1839,2025-08-16,Dairy,Local Farm,21.5
1840,2025-04-22,Dairy,Corporate Gift,46.2
1841,2025-07-09,Dairy,Individual,18.6
1842,2025-05-25,Bakery,Individual,27.8
1843,2025-07-12,Bakery,Local Farm,37.4
1844,2025-04-01,Fresh produce,Local Farm,7.8
1845,2025-01-16,Beverages,Community Drive,23.0
1846,2025-07-25,Frozen,Corporate Gift,13.5
1847,2025-04-19,Beverages,Supermarket Co,20.5
1848,2025-02-20,Fresh produce,Local Farm,29.4
1849,2025-07-27,Frozen,Community Drive,28.7
1850,2025-01-22,Beverages,Community Drive,20.2
1851,2025-06-01,Bakery,Individual,2.7
1852,2025-02-22,Fresh produce,Local Farm,20.8
1853,2025-04-12,Dry goods,Local Farm,6.3
1854,2025-08-17,Dairy,Community Drive,21.5
1855,2025-01-10,Dry goods,Corporate Gift,9.9
1856,2025-07-21,Fresh produce,Corporate Gift,35.2
1857,2025-08-26,Canned goods,Individual,19.1
1858,2025-07-16,Dairy,Supermarket Co,17.1
1859,2025-02-16,Canned goods,Individual,21.5
1860,2025-01-20,Fresh produce,Community Drive,32.9
1861,2025-07-07,Dairy,Individual,15.3
1862,2025-06-15,Dry goods,Community Drive,4.8
1863,2025-08-31,Fresh produce,Individual,5.9
1864,2025-04-03,Frozen,Supermarket Co,18.5
1865,2025-03-21,Bakery,Individual,37.6
1866,2025-08-13,Canned goods,Corporate Gift,23.9
1867,2025-07-01,Frozen,Local Farm,34.1
1868,2025-02-19,Fresh produce,Local Farm,14.3
1869,2025-01-11,Dairy,Supermarket Co,44.0
1870,2025-04-23,Beverages,Individual,26.2
1871,2025-02-06,Beverages,Local Farm,15.4
1872,2025-01-02,Canned goods,Corporate Gift,18.5
1873,2025-01-05,Dry goods,Local Farm,19.2
1874,2025-07-20,Dry goods,Supermarket Co,36.3
1875,2025-01-08,Bakery,Community Drive,37.9
1876,2025-07-12,Frozen,Local Farm,38.7
1877,2025-02-11,Dairy,Local Farm,40.9
1878,2025-04-25,Fresh produce,Local Farm,47.4
1879,2025-02-17,Frozen,Individual,33.0
1880,2025-08-03,Dairy,Supermarket Co,9.2
1881,2025-08-23,Dry goods,Community Drive,1.3
1882,2025-08-19,Dairy,Community Drive,3.2
1883,2025-07-24,Beverages,Supermarket Co,2.8
1884,2025-04-02,Fresh produce,Community Drive,31.1
1885,2025-06-16,Bakery,Supermarket Co,40.5
1886,2025-04-23,Beverages,Local Farm,38.1
1887,2025-05-19,Bakery,Supermarket Co,16.3
1888,2025-05-24,Bakery,Individual,27.9
1889,2025-08-31,Dairy,Individual,24.8
1890,2025-03-25,Dry goods,Community Drive,13.2
1891,2025-03-08,Fresh produce,Corporate Gift,18.1
1892,2025-03-25,Dairy,Community Drive,13.5
1893,2025-02-25,Dairy,Local Farm,30.2
1894,2025-02-01,Dry goods,Corporate Gift,23.8
1895,2025-04-12,Beverages,Corporate Gift,10.4
1896,2025-04-28,Dry goods,Local Farm,8.4
1897,2025-07-08,Fresh produce,Supermarket Co,37.1
1898,2025-05-19,Beverages,Local Farm,21.1
1899,2025-07-15,Dairy,Local Farm,29.6
1900,2025-08-23,Dairy,Corporate Gift,9.8
1901,2025-02-02,Beverages,Community Drive,45.3
1902,2025-08-15,Bakery,Corporate Gift,38.8
1903,2025-02-04,Dairy,Corporate Gift,41.2
1904,2025-03-28,Dairy,Corporate Gift,45.6
1905,2025-06-24,Dairy,Community Drive,48.8
1906,2025-04-01,Dry goods,Local Farm,41.6
1907,2025-08-17,Bakery,Local Farm,37.5
1908,2025-05-10,Dairy,Supermarket Co,11.3
1909,2025-06-28,Dry goods,Local Farm,40.4
1910,2025-03-25,Frozen,Supermarket Co,45.4
1911,2025-09-06,Dry goods,Community Drive,24.1
1912,2025-06-16,Canned goods,Local Farm,17.9
1913,2025-06-27,Fresh produce,Community Drive,23.7
1914,2025-05-16,Dry goods,Corporate Gift,12.1
1915,2025-03-22,Fresh produce,Community Drive,5.2
1916,2025-07-25,Bakery,Local Farm,22.4
1917,2025-04-30,Dairy,Local Farm,30.7
1918,2025-08-14,Frozen,Corporate Gift,22.3
1919,2025-03-09,Dry goods,Community Drive,45.2
1920,2025-07-04,Bakery,Community Drive,45.8
1921,2025-06-11,Frozen,Corporate Gift,6.3
1922,2025-02-27,Beverages,Community Drive,36.8
1923,2025-03-25,Fresh produce,Community Drive,47.8
1924,2025-03-10,Bakery,Corporate Gift,36.0
1925,2025-08-04,Beverages,Community Drive,46.1
1926,2025-06-25,Dry goods,Corporate Gift,39.7
1927,2025-07-28,Canned goods,Community Drive,47.0
1928,2025-07-15,Canned goods,Corporate Gift,39.5
1929,2025-02-24,Fresh produce,Supermarket Co,33.9
1930,2025-03-13,Canned goods,Community Drive,2.5
1931,2025-02-01,Frozen,Individual,12.9
1932,2025-08-01,Canned goods,Community Drive,3.2
1933,2025-08-20,Fresh produce,Corporate Gift,19.3
1934,2025-06-16,Fresh produce,Individual,29.0
1935,2025-07-15,Beverages,Individual,46.7
1936,2025-01-05,Dry goods,Supermarket Co,28.6
1937,2025-03-28,Frozen,Individual,47.2
1938,2025-03-30,Frozen,Corporate Gift,12.7
1939,2025-03-07,Frozen,Community Drive,16.7
1940,2025-09-03,Dairy,Community Drive,5.9
1941,2025-06-11,Dairy,Local Farm,27.3
1942,2025-07-26,Fresh produce,Supermarket Co,33.5
1943,2025-08-18,Fresh produce,Community Drive,4.7
1944,2025-06-10,Fresh produce,Individual,25.3
1945,2025-04-12,Beverages,Corporate Gift,13.5
1946,2025-02-24,Beverages,Local Farm,14.6
1947,2025-02-22,Canned goods,Supermarket Co,22.5
1948,2025-04-14,Dairy,Community Drive,5.3
1949,2025-03-05,Beverages,Supermarket Co,26.4
1950,2025-08-24,Beverages,Local Farm,3.0
1951,2025-05-03,Canned goods,Community Drive,19.8
1952,2025-04-03,Bakery,Individual,5.5
1953,2025-06-28,Beverages,Supermarket Co,40.0
1954,2025-07-30,Canned goods,Community Drive,30.6
1955,2025-06-25,Fresh produce,Community Drive,35.6
1956,2025-06-20,Frozen,Local Farm,1.0
1957,2025-03-09,Canned goods,Community Drive,38.8
1958,2025-03-17,Dry goods,Community Drive,21.7
1959,2025-03-23,Canned goods,Supermarket Co,46.6
1960,2025-08-11,Canned goods,Corporate Gift,41.6
1961,2025-02-01,Frozen,Community Drive,30.4
1962,2025-05-16,Fresh produce,Corporate Gift,17.5
1963,2025-03-07,Dry goods,Supermarket Co,48.6
1964,2025-04-10,Dairy,Local Farm,30.5
1965,2025-06-21,Dairy,Corporate Gift,4.3
1966,2025-06-17,Frozen,Local Farm,30.0
1967,2025-04-26,Canned goods,Supermarket Co,41.5
1968,2025-06-14,Frozen,Corporate Gift,41.6
1969,2025-04-03,Dry goods,Supermarket Co,44.1
1970,2025-08-20,Dairy,Local Farm,3.8
1971,2025-08-04,Bakery,Corporate Gift,17.5
1972,2025-02-12,Dairy,Individual,33.8
1973,2025-02-06,Frozen,Local Farm,44.3
1974,2025-05-10,Bakery,Local Farm,14.2
1975,2025-05-02,Frozen,Supermarket Co,16.2
1976,2025-04-24,Frozen,Individual,32.1
1977,2025-07-24,Dry goods,Corporate Gift,9.7
1978,2025-02-08,Beverages,Corporate Gift,38.7
1979,2025-06-23,Beverages,Corporate Gift,1.2
1980,2025-03-09,Beverages,Community Drive,28.0
1981,2025-06-22,Beverages,Community Drive,48.8
1982,2025-02-02,Dairy,Supermarket Co,23.8
1983,2025-08-25,Dairy,Community Drive,26.1
1984,2025-03-26,Dry goods,Individual,16.6
1985,2025-01-01,Canned goods,Individual,27.4
1986,2025-02-01,Bakery,Local Farm,45.0
1987,2025-02-15,Beverages,Individual,43.7
1988,2025-01-13,Bakery,Community Drive,46.2
1989,2025-07-18,Fresh produce,Corporate Gift,17.4
1990,2025-01-19,Fresh produce,Individual,27.8
1991,2025-07-17,Bakery,Individual,29.7
1992,2025-06-25,Beverages,Individual,8.1
1993,2025-07-26,Frozen,Corporate Gift,5.8
1994,2025-05-21,Frozen,Supermarket Co,28.6
1995,2025-03-13,Fresh produce,Corporate Gift,18.3
1996,2025-04-16,Beverages,Community Drive,6.7
1997,2025-04-11,Canned goods,Corporate Gift,35.5
1998,2025-06-19,Frozen,Corporate Gift,49.4
1999,2025-01-05,Frozen,Individual,39.5
2000,2025-04-05,Canned goods,Corporate Gift,26.5
2001,2025-06-29,Fresh produce,Community Drive,17.5
2002,2025-01-31,Beverages,Community Drive,43.9
2003,2025-08-04,Beverages,Community Drive,14.7
2004,2025-05-24,Bakery,Individual,28.8
2005,2025-03-31,Frozen,Community Drive,34.5
2006,2025-07-27,Beverages,Individual,42.5
2007,2025-08-12,Beverages,Supermarket Co,7.1
2008,2025-02-17,Canned goods,Community Drive,29.6
2009,2025-03-22,Bakery,Supermarket Co,3.5
2010,2025-01-03,Dairy,Community Drive,20.4
2011,2025-06-02,Fresh produce,Corporate Gift,48.3
2012,2025-07-01,Canned goods,Local Farm,24.4
2013,2025-03-04,Fresh produce,Local Farm,5.8
2014,2025-06-17,Bakery,Local Farm,44.3
2015,2025-08-11,Fresh produce,Corporate Gift,22.8
2016,2025-02-14,Bakery,Corporate Gift,47.6
2017,2025-05-20,Dairy,Community Drive,29.6
2018,2025-07-22,Canned goods,Local Farm,39.9
2019,2025-05-04,Dry goods,Local Farm,40.4
2020,2025-05-04,Frozen,Community Drive,16.9
2021,2025-03-11,Dairy,Corporate Gift,31.9
2022,2025-04-02,Frozen,Community Drive,31.6
2023,2025-02-14,Frozen,Corporate Gift,24.8
2024,2025-04-24,Bakery,Individual,12.2
2025,2025-01-28,Dry goods,Corporate Gift,12.8
2026,2025-02-06,Fresh produce,Supermarket Co,49.9
2027,2025-06-06,Canned goods,Local Farm,26.2
2028,2025-08-06,Fresh produce,Community Drive,29.4
2029,2025-02-09,Fresh produce,Corporate Gift,5.2
2030,2025-06-15,Dairy,Corporate Gift,33.2
2031,2025-04-01,Bakery,Local Farm,43.2
2032,2025-05-21,Bakery,Supermarket Co,18.6
2033,2025-07-22,Frozen,Community Drive,26.7
2034,2025-03-27,Frozen,Community Drive,34.2
2035,2025-07-20,Fresh produce,Corporate Gift,41.6
2036,2025-07-11,Bakery,Community Drive,7.8
2037,2025-06-21,Dry goods,Individual,6.3
2038,2025-03-06,Frozen,Local Farm,47.8
2039,2025-05-28,Bakery,Supermarket Co,44.4
2040,2025-05-01,Dry goods,Supermarket Co,27.0
2041,2025-06-28,Canned goods,Supermarket Co,41.3
2042,2025-03-04,Canned goods,Individual,28.7
2043,2025-03-22,Dairy,Individual,11.4
2044,2025-07-23,Bakery,Local Farm,29.3
2045,2025-01-17,Beverages,Local Farm,30.0
2046,2025-08-11,Canned goods,Supermarket Co,20.2
2047,2025-06-03,Dairy,Local Farm,36.2
2048,2025-04-24,Bakery,Local Farm,37.7
2049,2025-01-31,Canned goods,Corporate Gift,30.4
2050,2025-05-04,Dry goods,Community Drive,31.2
2051,2025-04-10,Dry goods,Local Farm,32.6
2052,2025-04-01,Dairy,Individual,41.8
2053,2025-05-22,Dry goods,Corporate Gift,24.8
2054,2025-08-25,Dairy,Local Farm,41.3
2055,2025-04-19,Dairy,Individual,27.5
2056,2025-06-30,Beverages,Corporate Gift,35.4
2057,2025-06-04,Dry goods,Individual,4.6
2058,2025-08-14,Canned goods,Community Drive,9.5
2059,2025-05-03,Fresh produce,Community Drive,27.4
2060,2025-01-16,Dairy,Corporate Gift,27.5
2061,2025-05-24,Beverages,Corporate Gift,4.6
2062,2025-07-10,Frozen,Supermarket Co,36.5
2063,2025-02-19,Frozen,Community Drive,4.3
2064,2025-02-01,Fresh produce,Individual,1.3
2065,2025-06-25,Fresh produce,Supermarket Co,5.8
2066,2025-08-26,Dry goods,Corporate Gift,5.2
2067,2025-07-02,Frozen,Supermarket Co,29.0
2068,2025-05-01,Fresh produce,Community Drive,30.7
2069,2025-08-10,Frozen,Community Drive,38.8
2070,2025-04-26,Dairy,Local Farm,14.4
2071,2025-03-20,Fresh produce,Local Farm,38.5
2072,2025-01-28,Fresh produce,Community Drive,15.3
2073,2025-08-30,Bakery,Community Drive,5.1
2074,2025-03-17,Canned goods,Community Drive,43.3
2075,2025-03-07,Beverages,Community Drive,22.0
2076,2025-02-27,Frozen,Supermarket Co,48.1
2077,2025-08-19,Dairy,Individual,34.1
2078,2025-01-06,Dairy,Local Farm,20.7
2079,2025-03-04,Fresh produce,Supermarket Co,18.7
2080,2025-05-03,Dairy,Corporate Gift,31.1
2081,2025-02-22,Beverages,Community Drive,37.4
2082,2025-05-31,Dairy,Supermarket Co,7.9
2083,2025-03-25,Canned goods,Supermarket Co,37.6
2084,2025-05-27,Bakery,Corporate Gift,15.9
2085,2025-02-19,Canned goods,Community Drive,16.0
2086,2025-04-15,Fresh produce,Local Farm,49.5
2087,2025-02-07,Bakery,Local Farm,2.1
2088,2025-06-06,Fresh produce,Corporate Gift,34.1
2089,2025-07-26,Beverages,Corporate Gift,13.6
2090,2025-01-30,Canned goods,Supermarket Co,1.6
2091,2025-08-02,Frozen,Corporate Gift,36.7
2092,2025-06-12,Bakery,Individual,33.7
2093,2025-01-20,Bakery,Supermarket Co,35.0
2094,2025-03-02,Canned goods,Supermarket Co,16.7
2095,2025-01-08,Canned goods,Corporate Gift,21.1
2096,2025-06-11,Dry goods,Corporate Gift,7.8
2097,2025-07-10,Frozen,Individual,21.2
2098,2025-05-27,Beverages,Individual,15.8
2099,2025-01-15,Canned goods,Community Drive,33.2
2100,2025-05-07,Canned goods,Corporate Gift,3.3
2101,2025-09-07,Fresh produce,Corporate Gift,33.0
2102,2025-05-18,Dry goods,Supermarket Co,32.5
2103,2025-02-06,Canned goods,Community Drive,17.4
2104,2025-03-06,Fresh produce,Supermarket Co,10.1
2105,2025-06-21,Beverages,Community Drive,48.3
2106,2025-03-15,Dairy,Individual,17.0
2107,2025-06-28,Canned goods,Community Drive,37.3
2108,2025-03-22,Canned goods,Supermarket Co,8.5
2109,2025-02-16,Dry goods,Individual,13.4
2110,2025-06-07,Canned goods,Local Farm,4.8
2111,2025-06-13,Frozen,Individual,32.5
2112,2025-04-16,Canned goods,Corporate Gift,12.2
2113,2025-02-21,Fresh produce,Community Drive,7.6
2114,2025-03-02,Bakery,Corporate Gift,17.5
2115,2025-03-29,Beverages,Individual,30.5
2116,2025-03-29,Canned goods,Supermarket Co,31.9
2117,2025-08-19,Bakery,Corporate Gift,34.6
2118,2025-06-22,Dairy,Community Drive,39.0
2119,2025-06-12,Fresh produce,Individual,7.5
2120,2025-07-02,Frozen,Local Farm,46.6
2121,2025-05-27,Bakery,Corporate Gift,29.5
2122,2025-07-27,Fresh produce,Community Drive,25.1
2123,2025-06-04,Bakery,Supermarket Co,28.4
2124,2025-05-27,Frozen,Individual,43.8
2125,2025-03-11,Beverages,Corporate Gift,8.1
2126,2025-01-23,Fresh produce,Individual,27.1
2127,2025-07-31,Dairy,Local Farm,19.6
2128,2025-06-15,Bakery,Community Drive,46.4
2129,2025-03-31,Bakery,Community Drive,23.1
2130,2025-06-01,Beverages,Local Farm,13.2
2131,2025-03-28,Dairy,Community Drive,43.6
2132,2025-06-12,Frozen,Supermarket Co,35.3
2133,2025-03-01,Bakery,Corporate Gift,24.1
2134,2025-03-10,Fresh produce,Corporate Gift,36.6
2135,2025-07-05,Canned goods,Individual,14.9
2136,2025-03-07,Bakery,Community Drive,24.5
2137,2025-03-21,Canned goods,Supermarket Co,43.9
2138,2025-04-26,Dairy,Local Farm,28.1
2139,2025-05-15,Fresh produce,Supermarket Co,18.7
2140,2025-09-02,Beverages,Local Farm,22.8
2141,2025-06-01,Dry goods,Corporate Gift,49.1
2142,2025-06-18,Frozen,Local Farm,5.4
2143,2025-02-14,Fresh produce,Local Farm,28.9
2144,2025-05-20,Dry goods,Community Drive,15.0
2145,2025-08-23,Dairy,Local Farm,14.4
2146,2025-02-13,Canned goods,Community Drive,5.1
2147,2025-01-16,Bakery,Individual,4.3
2148,2025-03-23,Beverages,Corporate Gift,42.2
2149,2025-02-24,Canned goods,Supermarket Co,19.1
2150,2025-07-04,Canned goods,Supermarket Co,41.6
2151,2025-02-17,Dairy,Community Drive,18.7
2152,2025-09-06,Frozen,Local Farm,12.5
2153,2025-05-22,Frozen,Corporate Gift,10.4
2154,2025-08-04,Dry goods,Corporate Gift,27.2
2155,2025-05-25,Canned goods,Local Farm,30.8
2156,2025-05-10,Bakery,Local Farm,42.7
2157,2025-01-25,Bakery,Supermarket Co,15.3
2158,2025-03-06,Bakery,Supermarket Co,37.1
2159,2025-01-17,Frozen,Community Drive,35.1
2160,2025-05-18,Frozen,Individual,5.5
2161,2025-08-22,Beverages,Corporate Gift,33.4
2162,2025-07-07,Frozen,Community Drive,6.7
2163,2025-04-23,Beverages,Supermarket Co,15.3
2164,2025-08-30,Dairy,Local Farm,5.2
2165,2025-05-19,Dairy,Supermarket Co,41.0
2166,2025-01-28,Dry goods,Supermarket Co,36.4
2167,2025-03-23,Dairy,Supermarket Co,20.1
2168,2025-04-01,Dairy,Corporate Gift,41.3
2169,2025-09-04,Beverages,Supermarket Co,48.1
2170,2025-02-25,Frozen,Corporate Gift,14.9
2171,2025-08-03,Frozen,Community Drive,46.7
2172,2025-02-20,Dry goods,Individual,40.7
2173,2025-02-13,Beverages,Corporate Gift,21.2
2174,2025-05-11,Frozen,Individual,40.9
2175,2025-07-05,Frozen,Community Drive,47.3
2176,2025-04-29,Canned goods,Supermarket Co,42.7
2177,2025-07-04,Canned goods,Community Drive,10.8
2178,2025-05-16,Dry goods,Community Drive,38.1
2179,2025-03-04,Dairy,Local Farm,21.9
2180,2025-06-14,Dairy,Local Farm,19.2
2181,2025-05-14,Canned goods,Community Drive,21.1
2182,2025-03-13,Dry goods,Community Drive,33.5
2183,2025-06-07,Dairy,Supermarket Co,12.3
2184,2025-05-02,Dairy,Local Farm,4.8
2185,2025-01-03,Frozen,Individual,8.3
2186,2025-04-29,Dry goods,Community Drive,16.1
2187,2025-04-04,Bakery,Community Drive,11.5
2188,2025-06-12,Dairy,Local Farm,16.3
2189,2025-07-01,Dry goods,Corporate Gift,38.1
2190,2025-06-14,Fresh produce,Community Drive,2.0
2191,2025-06-04,Dry goods,Community Drive,46.3
2192,2025-06-24,Beverages,Local Farm,37.6
2193,2025-04-23,Bakery,Supermarket Co,1.5
2194,2025-08-19,Frozen,Community Drive,3.7
2195,2025-01-18,Dry goods,Individual,8.4
2196,2025-04-02,Dairy,Community Drive,33.3
2197,2025-06-27,Beverages,Community Drive,25.5
2198,2025-04-01,Bakery,Corporate Gift,17.1
2199,2025-07-31,Canned goods,Individual,27.8
2200,2025-04-10,Dry goods,Supermarket Co,32.8
2201,2025-08-08,Dairy,Corporate Gift,9.3
2202,2025-01-06,Fresh produce,Individual,23.9
2203,2025-07-08,Bakery,Community Drive,16.0
2204,2025-05-02,Canned goods,Corporate Gift,19.5
2205,2025-09-02,Canned goods,Individual,27.3
2206,2025-06-23,Beverages,Individual,5.7
2207,2025-01-31,Beverages,Local Farm,13.4
2208,2025-04-01,Beverages,Supermarket Co,16.5
2209,2025-08-19,Dry goods,Community Drive,37.3
2210,2025-05-21,Bakery,Individual,13.2
2211,2025-04-19,Dairy,Local Farm,38.4
2212,2025-05-07,Bakery,Local Farm,33.9
2213,2025-07-19,Dry goods,Community Drive,21.9
2214,2025-04-22,Dairy,Community Drive,28.1
2215,2025-06-20,Canned goods,Individual,22.9
2216,2025-01-02,Dairy,Individual,26.6
2217,2025-03-27,Bakery,Community Drive,1.2
2218,2025-03-06,Canned goods,Supermarket Co,7.6
2219,2025-03-14,Fresh produce,Supermarket Co,39.3
2220,2025-04-28,Frozen,Community Drive,40.9
2221,2025-03-03,Beverages,Supermarket Co,2.2
2222,2025-04-15,Bakery,Local Farm,20.9
2223,2025-08-20,Dairy,Individual,35.6
2224,2025-03-18,Canned goods,Individual,48.3
2225,2025-08-31,Frozen,Community Drive,43.9
2226,2025-01-06,Dry goods,Supermarket Co,25.9
2227,2025-02-11,Dairy,Corporate Gift,3.4
2228,2025-04-16,Dry goods,Supermarket Co,49.3
2229,2025-01-15,Canned goods,Supermarket Co,24.4
2230,2025-02-04,Frozen,Individual,46.6
2231,2025-08-09,Bakery,Supermarket Co,24.6
2232,2025-03-31,Beverages,Local Farm,2.8
2233,2025-06-26,Bakery,Local Farm,27.0
2234,2025-09-02,Fresh produce,Individual,24.3
2235,2025-04-07,Dry goods,Individual,35.2
2236,2025-04-11,Canned goods,Supermarket Co,36.5
2237,2025-01-24,Fresh produce,Local Farm,18.5
2238,2025-04-27,Bakery,Individual,28.4
2239,2025-08-09,Fresh produce,Community Drive,31.9
2240,2025-05-07,Dairy,Individual,2.4
2241,2025-01-22,Bakery,Community Drive,13.3
2242,2025-08-24,Beverages,Community Drive,49.1
2243,2025-08-26,Fresh produce,Individual,7.4
2244,2025-02-06,Fresh produce,Supermarket Co,28.1
2245,2025-03-12,Dairy,Corporate Gift,3.8
2246,2025-06-05,Fresh produce,Local Farm,31.1
2247,2025-04-20,Frozen,Corporate Gift,44.8
2248,2025-08-05,Frozen,Local Farm,15.6
2249,2025-01-31,Bakery,Community Drive,42.0
2250,2025-06-04,Beverages,Individual,37.6
2251,2025-02-17,Bakery,Local Farm,1.0
2252,2025-03-30,Fresh produce,Local Farm,36.3
2253,2025-07-23,Frozen,Individual,38.8
2254,2025-07-24,Dairy,Supermarket Co,1.6
2255,2025-05-24,Dairy,Individual,47.5
2256,2025-05-23,Frozen,Community Drive,28.0
2257,2025-07-31,Frozen,Community Drive,2.8
2258,2025-06-04,Canned goods,Community Drive,36.2
2259,2025-08-12,Canned goods,Corporate Gift,6.8
2260,2025-03-02,Fresh produce,Corporate Gift,5.6
2261,2025-06-27,Frozen,Community Drive,45.7
2262,2025-01-21,Beverages,Local Farm,44.4
2263,2025-01-13,Dairy,Supermarket Co,44.6
2264,2025-08-12,Beverages,Corporate Gift,32.1
2265,2025-03-16,Fresh produce,Community Drive,49.1
2266,2025-02-17,Fresh produce,Community Drive,40.9
2267,2025-08-01,Bakery,Individual,11.0
2268,2025-04-28,Bakery,Individual,2.5
2269,2025-05-28,Fresh produce,Local Farm,7.6
2270,2025-07-03,Fresh produce,Individual,18.4
2271,2025-06-02,Bakery,Supermarket Co,45.5
2272,2025-05-12,Fresh produce,Corporate Gift,3.5
2273,2025-05-09,Beverages,Local Farm,43.0
2274,2025-07-14,Canned goods,Individual,21.7
2275,2025-01-07,Dry goods,Local Farm,29.3
2276,2025-04-24,Dry goods,Community Drive,44.2
2277,2025-04-30,Dairy,Community Drive,41.7
2278,2025-06-17,Dry goods,Individual,7.9
2279,2025-01-08,Bakery,Local Farm,26.5
2280,2025-05-15,Canned goods,Individual,32.4
2281,2025-01-09,Fresh produce,Individual,2.8
2282,2025-05-14,Fresh produce,Corporate Gift,8.6
2283,2025-08-10,Fresh produce,Supermarket Co,12.2
2284,2025-04-18,Fresh produce,Supermarket Co,39.0
2285,2025-04-03,Frozen,Local Farm,12.4
2286,2025-07-14,Fresh produce,Supermarket Co,2.2
2287,2025-06-03,Frozen,Corporate Gift,3.9
2288,2025-06-13,Frozen,Local Farm,47.9
2289,2025-08-08,Dairy,Corporate Gift,17.2
2290,2025-08-01,Fresh produce,Individual,31.5
2291,2025-05-22,Canned goods,Individual,1.7
2292,2025-02-11,Fresh produce,Community Drive,26.4
2293,2025-06-09,Fresh produce,Local Farm,44.4
2294,2025-04-08,Dairy,Individual,37.9
2295,2025-08-20,Frozen,Corporate Gift,29.7
2296,2025-07-14,Dry goods,Local Farm,15.3
2297,2025-03-28,Fresh produce,Individual,33.7
2298,2025-07-19,Bakery,Corporate Gift,3.7
2299,2025-07-13,Fresh produce,Local Farm,40.9
2300,2025-01-19,Beverages,Local Farm,18.1
2301,2025-08-12,Dry goods,Supermarket Co,39.8
2302,2025-04-02,Dry goods,Supermarket Co,2.4
2303,2025-01-01,Beverages,Individual,36.9
2304,2025-05-22,Canned goods,Community Drive,31.9
2305,2025-07-26,Bakery,Individual,1.8
2306,2025-07-05,Bakery,Community Drive,46.4
2307,2025-07-24,Fresh produce,Individual,29.0
2308,2025-04-19,Dry goods,Local Farm,18.1
2309,2025-04-13,Bakery,Individual,30.0
2310,2025-06-25,Canned goods,Local Farm,49.0
2311,2025-06-24,Fresh produce,Corporate Gift,35.7
2312,2025-02-21,Bakery,Community Drive,18.4
2313,2025-05-18,Frozen,Individual,23.6
2314,2025-08-23,Frozen,Individual,19.6
2315,2025-06-24,Fresh produce,Community Drive,19.4
2316,2025-02-23,Dairy,Local Farm,26.7
2317,2025-07-04,Bakery,Supermarket Co,3.5
2318,2025-07-23,Beverages,Community Drive,37.7
2319,2025-03-19,Dry goods,Local Farm,7.6
2320,2025-04-05,Bakery,Supermarket Co,15.9
2321,2025-01-02,Beverages,Supermarket Co,10.0
2322,2025-06-24,Dry goods,Community Drive,28.2
2323,2025-03-14,Dry goods,Supermarket Co,15.3
2324,2025-02-19,Beverages,Community Drive,42.9
2325,2025-04-02,Fresh produce,Individual,2.8
2326,2025-05-24,Dairy,Supermarket Co,44.1
2327,2025-06-09,Dry goods,Local Farm,11.9
2328,2025-07-15,Dairy,Corporate Gift,18.3
2329,2025-08-16,Fresh produce,Community Drive,4.5
2330,2025-02-08,Dairy,Local Farm,32.8
2331,2025-01-22,Fresh produce,Community Drive,35.9
2332,2025-06-05,Beverages,Community Drive,12.8
2333,2025-09-01,Canned goods,Individual,6.0
2334,2025-08-24,Dairy,Community Drive,18.0
2335,2025-02-06,Dry goods,Community Drive,22.9
2336,2025-03-17,Dry goods,Supermarket Co,16.1
2337,2025-06-18,Dairy,Community Drive,6.2
2338,2025-03-09,Canned goods,Corporate Gift,24.0
2339,2025-03-29,Dry goods,Corporate Gift,19.9
2340,2025-02-23,Bakery,Local Farm,19.4
2341,2025-05-22,Frozen,Supermarket Co,5.3
2342,2025-04-30,Dairy,Community Drive,34.0
2343,2025-03-24,Bakery,Local Farm,26.1
2344,2025-05-14,Canned goods,Corporate Gift,34.1
2345,2025-07-14,Fresh produce,Community Drive,6.2
2346,2025-06-20,Frozen,Supermarket Co,23.3
2347,2025-07-06,Canned goods,Supermarket Co,22.3
2348,2025-07-09,Fresh produce,Local Farm,38.7
2349,2025-04-01,Canned goods,Supermarket Co,38.7
2350,2025-08-14,Frozen,Corporate Gift,48.7
2351,2025-03-19,Canned goods,Community Drive,8.2
2352,2025-03-22,Dry goods,Supermarket Co,49.0
2353,2025-05-23,Dry goods,Local Farm,14.3
2354,2025-06-10,Canned goods,Local Farm,25.9
2355,2025-02-17,Dry goods,Community Drive,37.4
2356,2025-08-25,Bakery,Supermarket Co,2.5
2357,2025-05-15,Beverages,Supermarket Co,34.8
2358,2025-01-14,Dry goods,Individual,42.1
2359,2025-05-16,Bakery,Supermarket Co,23.0
2360,2025-04-11,Dairy,Corporate Gift,2.7
2361,2025-09-02,Dairy,Individual,6.7
2362,2025-07-03,Frozen,Supermarket Co,31.8
2363,2025-03-27,Canned goods,Supermarket Co,12.8
2364,2025-03-05,Fresh produce,Individual,5.1
2365,2025-01-12,Fresh produce,Individual,7.2
2366,2025-03-02,Bakery,Supermarket Co,14.4
2367,2025-01-27,Beverages,Individual,29.0
2368,2025-07-21,Dairy,Local Farm,46.2
2369,2025-03-10,Canned goods,Individual,8.5
2370,2025-06-17,Beverages,Supermarket Co,37.3
2371,2025-06-23,Bakery,Supermarket Co,11.4
2372,2025-03-28,Dairy,Corporate Gift,46.1
2373,2025-09-05,Fresh produce,Local Farm,19.3
2374,2025-01-22,Fresh produce,Individual,39.2
2375,2025-08-12,Beverages,Individual,4.6
2376,2025-02-26,Frozen,Individual,9.8
2377,2025-03-16,Frozen,Supermarket Co,31.8
2378,2025-08-26,Dairy,Community Drive,11.9
2379,2025-04-20,Dairy,Individual,32.5
2380,2025-07-10,Beverages,Individual,15.2
2381,2025-06-10,Frozen,Local Farm,46.3
2382,2025-07-17,Frozen,Corporate Gift,39.1
2383,2025-06-29,Dry goods,Corporate Gift,33.5
2384,2025-06-07,Beverages,Community Drive,14.7
2385,2025-03-04,Bakery,Community Drive,22.8
2386,2025-05-25,Dairy,Supermarket Co,45.5
2387,2025-03-29,Bakery,Supermarket Co,15.3
2388,2025-05-09,Beverages,Community Drive,40.3
2389,2025-05-31,Dry goods,Supermarket Co,40.2
2390,2025-07-10,Beverages,Individual,25.1
2391,2025-06-23,Bakery,Supermarket Co,44.6
2392,2025-02-01,Fresh produce,Corporate Gift,45.4
2393,2025-08-20,Dry goods,Local Farm,42.5
2394,2025-02-14,Frozen,Community Drive,48.6
2395,2025-01-18,Fresh produce,Individual,24.5
2396,2025-07-09,Frozen,Individual,21.1
2397,2025-05-17,Fresh produce,Individual,42.0
2398,2025-05-02,Frozen,Community Drive,10.3
2399,2025-06-20,Frozen,Supermarket Co,39.8
2400,2025-01-14,Fresh produce,Supermarket Co,29.5
2401,2025-08-31,Dairy,Community Drive,1.9
2402,2025-05-20,Dairy,Community Drive,23.7
2403,2025-02-11,Beverages,Individual,17.1
2404,2025-06-01,Fresh produce,Community Drive,33.6
2405,2025-09-02,Bakery,Supermarket Co,3.6
2406,2025-07-31,Fresh produce,Local Farm,31.4
2407,2025-01-17,Beverages,Individual,39.5
2408,2025-02-02,Fresh produce,Corporate Gift,15.1
2409,2025-07-28,Dry goods,Corporate Gift,48.6
2410,2025-06-29,Bakery,Community Drive,38.3
2411,2025-06-26,Fresh produce,Individual,49.1
2412,2025-06-06,Fresh produce,Corporate Gift,12.5
2413,2025-06-12,Dry goods,Supermarket Co,46.4
2414,2025-06-17,Beverages,Corporate Gift,35.6
2415,2025-09-06,Bakery,Supermarket Co,20.2
2416,2025-07-13,Beverages,Community Drive,10.1
2417,2025-01-05,Frozen,Corporate Gift,44.8
2418,2025-04-07,Beverages,Corporate Gift,30.1
2419,2025-08-21,Bakery,Community Drive,35.3
2420,2025-08-03,Bakery,Local Farm,7.5
2421,2025-02-01,Fresh produce,Community Drive,42.3
2422,2025-07-31,Frozen,Individual,16.0
2423,2025-09-05,Canned goods,Community Drive,23.1
2424,2025-01-13,Beverages,Supermarket Co,48.2
2425,2025-06-20,Dry goods,Local Farm,27.3
2426,2025-06-14,Frozen,Local Farm,5.1
2427,2025-08-05,Frozen,Community Drive,10.5
2428,2025-07-17,Frozen,Community Drive,15.4
2429,2025-03-25,Dairy,Community Drive,21.6
2430,2025-03-29,Canned goods,Supermarket Co,1.5
2431,2025-02-08,Fresh produce,Community Drive,29.6
2432,2025-06-04,Canned goods,Local Farm,13.5
2433,2025-06-24,Fresh produce,Supermarket Co,1.2
2434,2025-06-13,Frozen,Local Farm,28.6
2435,2025-06-19,Dairy,Community Drive,28.9
2436,2025-04-14,Bakery,Local Farm,24.4
2437,2025-05-19,Dairy,Individual,35.6
2438,2025-05-28,Frozen,Local Farm,4.3
2439,2025-04-05,Beverages,Individual,9.1
2440,2025-04-05,Frozen,Individual,9.7
2441,2025-03-12,Dairy,Community Drive,43.6
2442,2025-04-13,Frozen,Individual,46.1
2443,2025-05-17,Bakery,Corporate Gift,46.5
2444,2025-07-21,Beverages,Community Drive,19.8
2445,2025-06-11,Beverages,Individual,40.4
2446,2025-06-10,Fresh produce,Individual,21.6
2447,2025-01-24,Beverages,Local Farm,16.5
2448,2025-07-28,Dry goods,Individual,30.8
2449,2025-07-24,Bakery,Local Farm,7.8
2450,2025-08-02,Bakery,Local Farm,37.5
2451,2025-08-15,Canned goods,Local Farm,18.9
2452,2025-02-22,Dairy,Corporate Gift,8.4
2453,2025-01-19,Frozen,Community Drive,3.8
2454,2025-01-26,Bakery,Local Farm,43.4
2455,2025-01-23,Dairy,Supermarket Co,41.9
2456,2025-09-07,Bakery,Local Farm,43.7
2457,2025-07-31,Canned goods,Community Drive,5.8
2458,2025-08-06,Frozen,Supermarket Co,12.8
2459,2025-02-12,Beverages,Individual,18.0
2460,2025-01-17,Bakery,Corporate Gift,36.8
2461,2025-01-16,Canned goods,Individual,1.3
2462,2025-08-06,Fresh produce,Corporate Gift,40.6
2463,2025-05-11,Dairy,Local Farm,26.1
2464,2025-04-09,Fresh produce,Community Drive,24.8
2465,2025-08-28,Dairy,Supermarket Co,19.5
2466,2025-08-31,Fresh produce,Corporate Gift,37.1
2467,2025-07-15,Frozen,Supermarket Co,43.8
2468,2025-01-18,Dry goods,Community Drive,2.6
2469,2025-05-24,Bakery,Community Drive,43.2
2470,2025-05-03,Dry goods,Community Drive,49.3
2471,2025-05-24,Frozen,Community Drive,21.1
2472,2025-03-18,Fresh produce,Supermarket Co,37.7
2473,2025-07-30,Frozen,Corporate Gift,29.8
2474,2025-03-03,Canned goods,Local Farm,9.5
2475,2025-05-02,Fresh produce,Individual,11.4
2476,2025-05-03,Dairy,Individual,41.0
2477,2025-06-28,Bakery,Supermarket Co,5.4
2478,2025-02-09,Fresh produce,Community Drive,48.1
2479,2025-04-22,Canned goods,Corporate Gift,29.2
2480,2025-06-24,Dry goods,Corporate Gift,47.2
2481,2025-05-17,Fresh produce,Corporate Gift,13.7
2482,2025-01-22,Beverages,Corporate Gift,5.6
2483,2025-02-11,Beverages,Individual,43.9
2484,2025-04-05,Canned goods,Corporate Gift,28.3
2485,2025-02-27,Dairy,Supermarket Co,11.6
2486,2025-04-20,Canned goods,Individual,13.0
2487,2025-03-28,Fresh produce,Local Farm,4.7
2488,2025-04-03,Beverages,Supermarket Co,30.6
2489,2025-04-16,Fresh produce,Individual,42.5
2490,2025-06-16,Dairy,Individual,37.5
2491,2025-07-04,Beverages,Community Drive,12.5
2492,2025-04-08,Dry goods,Community Drive,31.8
2493,2025-01-11,Dry goods,Individual,9.2
2494,2025-03-28,Bakery,Supermarket Co,45.1
2495,2025-06-16,Fresh produce,Individual,27.1
2496,2025-08-19,Beverages,Individual,46.9
2497,2025-06-29,Dry goods,Local Farm,11.8
2498,2025-08-18,Canned goods,Individual,35.6
2499,2025-08-26,Dry goods,Corporate Gift,48.7
2500,2025-01-13,Bakery,Individual,39.7
2501,2025-06-14,Dry goods,Community Drive,17.4
2502,2025-02-22,Dairy,Individual,37.6
2503,2025-01-28,Frozen,Community Drive,35.9
2504,2025-08-01,Frozen,Supermarket Co,12.1
2505,2025-07-16,Canned goods,Individual,23.7
2506,2025-07-01,Dry goods,Local Farm,30.2
2507,2025-03-10,Bakery,Local Farm,14.3
2508,2025-07-15,Dry goods,Individual,18.8
2509,2025-03-18,Bakery,Individual,4.7
2510,2025-06-01,Fresh produce,Individual,47.8
2511,2025-04-05,Beverages,Individual,27.2
2512,2025-03-15,Fresh produce,Supermarket Co,10.8
2513,2025-04-07,Bakery,Community Drive,28.4
2514,2025-01-04,Beverages,Individual,14.9
2515,2025-07-27,Dairy,Individual,12.6
2516,2025-05-26,Frozen,Corporate Gift,5.4
2517,2025-03-26,Dry goods,Corporate Gift,31.5
2518,2025-07-01,Bakery,Local Farm,22.8
2519,2025-04-30,Dairy,Corporate Gift,7.1
2520,2025-04-13,Fresh produce,Supermarket Co,37.9
2521,2025-06-27,Fresh produce,Community Drive,9.6
2522,2025-03-15,Beverages,Community Drive,39.6
2523,2025-02-22,Canned goods,Community Drive,19.4
2524,2025-05-19,Fresh produce,Local Farm,3.5
2525,2025-08-15,Fresh produce,Supermarket Co,22.4
2526,2025-05-21,Canned goods,Supermarket Co,44.0
2527,2025-08-21,Frozen,Supermarket Co,49.2
2528,2025-06-04,Frozen,Supermarket Co,9.5
2529,2025-03-04,Beverages,Supermarket Co,21.4
2530,2025-02-25,Beverages,Corporate Gift,19.0
2531,2025-08-06,Beverages,Individual,11.1
2532,2025-04-07,Beverages,Supermarket Co,45.6
2533,2025-02-09,Bakery,Individual,49.9
2534,2025-03-24,Frozen,Individual,9.6
2535,2025-06-04,Dry goods,Community Drive,3.2
2536,2025-01-09,Bakery,Local Farm,43.3
2537,2025-01-23,Dry goods,Supermarket Co,40.7
2538,2025-05-22,Canned goods,Supermarket Co,10.3
2539,2025-07-10,Dairy,Corporate Gift,47.3
2540,2025-08-24,Canned goods,Individual,38.6
2541,2025-08-23,Frozen,Corporate Gift,40.8
2542,2025-03-06,Beverages,Local Farm,48.9
2543,2025-04-21,Fresh produce,Corporate Gift,24.3
2544,2025-07-21,Beverages,Supermarket Co,27.5
2545,2025-06-24,Frozen,Community Drive,38.8
2546,2025-01-04,Dairy,Local Farm,5.5
2547,2025-08-03,Beverages,Individual,9.6
2548,2025-08-31,Bakery,Supermarket Co,24.5
2549,2025-04-18,Beverages,Corporate Gift,34.1
2550,2025-06-03,Bakery,Local Farm,34.2
2551,2025-05-17,Dairy,Supermarket Co,30.5
2552,2025-08-15,Fresh produce,Community Drive,19.5
2553,2025-01-19,Fresh produce,Community Drive,47.1
2554,2025-05-09,Frozen,Corporate Gift,6.2
2555,2025-08-14,Beverages,Supermarket Co,34.8
2556,2025-01-29,Bakery,Individual,38.4
2557,2025-03-10,Bakery,Individual,14.3
2558,2025-05-19,Beverages,Individual,32.3
2559,2025-02-02,Bakery,Individual,2.9
2560,2025-02-07,Beverages,Supermarket Co,13.1
2561,2025-01-29,Canned goods,Corporate Gift,35.8
2562,2025-03-05,Dry goods,Local Farm,4.5
2563,2025-03-03,Canned goods,Corporate Gift,21.1
2564,2025-04-12,Dairy,Individual,27.1
2565,2025-02-25,Dry goods,Supermarket Co,4.2
2566,2025-08-12,Fresh produce,Local Farm,17.1
2567,2025-02-15,Dairy,Local Farm,24.8
2568,2025-05-25,Fresh produce,Supermarket Co,1.1
2569,2025-08-01,Fresh produce,Individual,9.6
2570,2025-04-20,Frozen,Individual,34.5
2571,2025-04-26,Beverages,Local Farm,35.5
2572,2025-01-06,Dairy,Supermarket Co,42.5
2573,2025-02-28,Bakery,Local Farm,10.5
2574,2025-05-17,Bakery,Local Farm,38.3
2575,2025-05-05,Beverages,Individual,27.0
2576,2025-04-18,Bakery,Supermarket Co,44.1
2577,2025-02-27,Fresh produce,Corporate Gift,4.6
2578,2025-08-15,Fresh produce,Community Drive,17.3
2579,2025-06-13,Dairy,Supermarket Co,22.9
2580,2025-04-03,Frozen,Community Drive,34.2
2581,2025-04-04,Frozen,Corporate Gift,15.6
2582,2025-02-09,Canned goods,Local Farm,22.3
2583,2025-05-15,Canned goods,Individual,33.5
2584,2025-01-07,Dry goods,Supermarket Co,9.0
2585,2025-03-27,Bakery,Corporate Gift,3.5
2586,2025-03-25,Frozen,Community Drive,28.0
2587,2025-02-22,Dry goods,Local Farm,46.6
2588,2025-08-30,Beverages,Corporate Gift,12.5
2589,2025-02-03,Beverages,Local Farm,14.5
2590,2025-02-07,Beverages,Community Drive,46.8
2591,2025-01-11,Frozen,Local Farm,10.4
2592,2025-04-05,Beverages,Individual,1.6
2593,2025-05-04,Fresh produce,Local Farm,25.2
2594,2025-02-08,Dry goods,Supermarket Co,45.3
2595,2025-07-21,Frozen,Corporate Gift,32.1
2596,2025-05-20,Beverages,Individual,19.8
2597,2025-07-12,Beverages,Local Farm,7.9
2598,2025-02-04,Frozen,Local Farm,1.6
2599,2025-05-31,Canned goods,Individual,29.7
2600,2025-02-04,Bakery,Individual,40.5
2601,2025-06-12,Frozen,Corporate Gift,26.9
2602,2025-06-21,Beverages,Individual,21.4
2603,2025-08-22,Canned goods,Supermarket Co,16.3
2604,2025-05-28,Dairy,Corporate Gift,47.9
2605,2025-06-26,Dry goods,Community Drive,42.1
2606,2025-05-02,Canned goods,Individual,21.6
2607,2025-07-23,Beverages,Community Drive,30.5
2608,2025-05-30,Frozen,Local Farm,40.4
2609,2025-02-15,Beverages,Community Drive,9.9
2610,2025-04-20,Dry goods,Supermarket Co,16.5
2611,2025-02-26,Beverages,Corporate Gift,5.4
2612,2025-03-26,Canned goods,Individual,44.7
2613,2025-02-04,Frozen,Supermarket Co,35.4
2614,2025-04-28,Dairy,Community Drive,22.1
2615,2025-01-14,Dry goods,Individual,39.2
2616,2025-06-19,Beverages,Corporate Gift,20.8
2617,2025-04-14,Dry goods,Individual,13.2
2618,2025-05-11,Fresh produce,Community Drive,37.1
2619,2025-08-18,Bakery,Community Drive,46.3
2620,2025-06-08,Canned goods,Individual,20.4
2621,2025-07-19,Bakery,Community Drive,35.8
2622,2025-04-28,Fresh produce,Corporate Gift,21.3
2623,2025-01-29,Canned goods,Community Drive,9.8
2624,2025-02-18,Dry goods,Corporate Gift,22.5
2625,2025-03-12,Beverages,Community Drive,7.1
2626,2025-03-15,Fresh produce,Corporate Gift,28.5
2627,2025-06-22,Dry goods,Individual,16.8
2628,2025-06-27,Beverages,Local Farm,25.7
2629,2025-01-15,Dairy,Individual,24.5
2630,2025-06-02,Frozen,Supermarket Co,3.3
2631,2025-07-09,Frozen,Supermarket Co,17.5
2632,2025-02-17,Beverages,Corporate Gift,22.0
2633,2025-02-06,Canned goods,Corporate Gift,42.0
2634,2025-06-05,Beverages,Community Drive,27.5
2635,2025-08-16,Frozen,Corporate Gift,48.4
2636,2025-07-12,Frozen,Supermarket Co,28.8
2637,2025-07-28,Frozen,Individual,7.2
2638,2025-06-17,Dairy,Corporate Gift,4.7
2639,2025-07-18,Bakery,Individual,47.7
2640,2025-02-02,Dry goods,Local Farm,31.0
2641,2025-01-14,Fresh produce,Individual,34.2
2642,2025-05-21,Dry goods,Individual,20.9
2643,2025-01-23,Fresh produce,Individual,45.3
2644,2025-02-20,Fresh produce,Community Drive,32.6
2645,2025-02-04,Bakery,Local Farm,38.1
2646,2025-07-13,Dry goods,Community Drive,30.3
2647,2025-03-07,Beverages,Individual,13.7
2648,2025-03-17,Fresh produce,Individual,31.6
2649,2025-08-26,Dry goods,Local Farm,30.0
2650,2025-04-25,Bakery,Individual,44.2
2651,2025-09-02,Frozen,Local Farm,20.3
2652,2025-08-14,Canned goods,Individual,40.3
2653,2025-03-14,Fresh produce,Corporate Gift,38.6
2654,2025-01-06,Beverages,Community Drive,46.4
2655,2025-07-21,Dairy,Local Farm,4.8
2656,2025-05-30,Canned goods,Local Farm,46.7
2657,2025-08-10,Fresh produce,Community Drive,32.9
2658,2025-03-28,Dairy,Supermarket Co,33.1
2659,2025-07-02,Beverages,Supermarket Co,48.3
2660,2025-08-18,Canned goods,Individual,30.6
2661,2025-04-24,Fresh produce,Corporate Gift,14.6
2662,2025-01-20,Dry goods,Corporate Gift,17.3
2663,2025-05-13,Canned goods,Local Farm,20.1
2664,2025-06-22,Fresh produce,Supermarket Co,27.8
2665,2025-03-10,Dairy,Supermarket Co,30.0
2666,2025-05-30,Canned goods,Individual,23.1
2667,2025-07-30,Frozen,Individual,16.1
2668,2025-07-27,Fresh produce,Supermarket Co,14.4
2669,2025-04-01,Frozen,Supermarket Co,37.7
2670,2025-02-25,Bakery,Community Drive,21.4
2671,2025-07-08,Dry goods,Individual,45.7
2672,2025-08-03,Dairy,Individual,28.3
2673,2025-02-24,Dry goods,Supermarket Co,48.8
2674,2025-07-17,Fresh produce,Local Farm,25.1
2675,2025-05-11,Fresh produce,Supermarket Co,31.7
2676,2025-05-09,Dairy,Local Farm,33.9
2677,2025-05-16,Dairy,Corporate Gift,28.8
2678,2025-04-12,Beverages,Corporate Gift,3.5
2679,2025-02-07,Dairy,Community Drive,10.4
2680,2025-05-02,Frozen,Local Farm,15.4
2681,2025-08-20,Dry goods,Local Farm,46.8
2682,2025-02-01,Bakery,Individual,16.8
2683,2025-04-18,Bakery,Community Drive,34.2
2684,2025-07-02,Dry goods,Community Drive,30.8
2685,2025-08-30,Beverages,Corporate Gift,16.9
2686,2025-07-27,Beverages,Local Farm,42.3
2687,2025-02-23,Dairy,Supermarket Co,7.8
2688,2025-07-13,Canned goods,Individual,18.0
2689,2025-05-14,Canned goods,Community Drive,42.9
2690,2025-01-14,Frozen,Local Farm,15.1
2691,2025-01-23,Bakery,Supermarket Co,1.4
2692,2025-04-28,Dairy,Community Drive,27.8
2693,2025-09-07,Canned goods,Community Drive,21.8
2694,2025-01-28,Bakery,Supermarket Co,20.7
2695,2025-04-09,Frozen,Individual,8.5
2696,2025-01-30,Frozen,Local Farm,40.4
2697,2025-05-19,Beverages,Community Drive,23.3
2698,2025-01-26,Dry goods,Supermarket Co,48.5
2699,2025-03-04,Fresh produce,Corporate Gift,27.9
2700,2025-04-08,Dairy,Local Farm,20.2
2701,2025-03-31,Dairy,Individual,14.9
2702,2025-01-18,Canned goods,Individual,33.6
2703,2025-01-01,Canned goods,Local Farm,6.1
2704,2025-09-05,Fresh produce,Supermarket Co,13.6
2705,2025-08-12,Frozen,Individual,6.7
2706,2025-03-05,Frozen,Individual,37.0
2707,2025-06-27,Bakery,Corporate Gift,35.0
2708,2025-02-07,Dairy,Individual,17.8
2709,2025-04-17,Dairy,Community Drive,18.8
2710,2025-04-21,Dry goods,Community Drive,29.0
2711,2025-09-05,Beverages,Corporate Gift,8.0
2712,2025-05-28,Beverages,Supermarket Co,28.8
2713,2025-02-27,Frozen,Community Drive,25.4
2714,2025-07-24,Frozen,Individual,15.3
2715,2025-05-22,Bakery,Community Drive,38.0
2716,2025-07-23,Dry goods,Individual,11.3
2717,2025-04-28,Bakery,Supermarket Co,18.4
2718,2025-07-31,Beverages,Local Farm,12.9
2719,2025-07-06,Dairy,Local Farm,8.4
2720,2025-05-29,Dry goods,Local Farm,41.5
2721,2025-02-18,Dairy,Corporate Gift,43.6
2722,2025-03-24,Canned goods,Individual,2.1
2723,2025-09-03,Dry goods,Corporate Gift,42.2
2724,2025-07-06,Dairy,Local Farm,12.6
2725,2025-07-23,Beverages,Local Farm,3.3
2726,2025-01-26,Dairy,Corporate Gift,49.1
2727,2025-05-21,Fresh produce,Supermarket Co,19.0
2728,2025-08-17,Dry goods,Individual,1.3
2729,2025-05-03,Beverages,Corporate Gift,23.4
2730,2025-05-28,Fresh produce,Individual,49.0
2731,2025-07-21,Fresh produce,Corporate Gift,46.7
2732,2025-08-10,Fresh produce,Individual,17.4
2733,2025-05-04,Bakery,Local Farm,2.3
2734,2025-03-09,Dairy,Supermarket Co,35.2
2735,2025-05-29,Fresh produce,Corporate Gift,36.3
2736,2025-04-20,Bakery,Local Farm,29.2
2737,2025-03-22,Frozen,Corporate Gift,1.6
2738,2025-06-18,Bakery,Community Drive,32.7
2739,2025-07-24,Fresh produce,Corporate Gift,7.1
2740,2025-02-25,Dairy,Corporate Gift,5.9
2741,2025-08-16,Dairy,Corporate Gift,42.1
2742,2025-07-11,Canned goods,Community Drive,30.2
2743,2025-07-15,Fresh produce,Local Farm,46.7
2744,2025-08-21,Beverages,Corporate Gift,31.8
2745,2025-08-18,Canned goods,Local Farm,14.9
2746,2025-02-26,Dry goods,Supermarket Co,41.4
2747,2025-04-19,Fresh produce,Supermarket Co,23.3
2748,2025-01-03,Canned goods,Community Drive,15.6
2749,2025-06-03,Bakery,Corporate Gift,34.8
2750,2025-08-28,Dairy,Community Drive,43.9
2751,2025-01-02,Fresh produce,Supermarket Co,37.7
2752,2025-02-06,Fresh produce,Supermarket Co,27.8
2753,2025-04-21,Dairy,Supermarket Co,31.9
2754,2025-04-09,Dairy,Corporate Gift,32.8
2755,2025-09-01,Dairy,Community Drive,35.7
2756,2025-07-25,Beverages,Community Drive,30.5
2757,2025-06-21,Fresh produce,Supermarket Co,3.4
2758,2025-05-06,Frozen,Corporate Gift,32.6
2759,2025-04-26,Canned goods,Individual,39.7
2760,2025-01-13,Frozen,Community Drive,31.2
2761,2025-06-08,Fresh produce,Individual,47.0
2762,2025-05-14,Dairy,Supermarket Co,20.3
2763,2025-01-15,Dry goods,Corporate Gift,13.6
2764,2025-07-11,Dairy,Community Drive,30.2
2765,2025-06-22,Dry goods,Supermarket Co,14.7
2766,2025-07-19,Bakery,Supermarket Co,25.3
2767,2025-06-29,Canned goods,Corporate Gift,21.2
2768,2025-04-09,Fresh produce,Supermarket Co,21.7
2769,2025-09-02,Dry goods,Individual,32.2
2770,2025-01-27,Dairy,Individual,28.8
2771,2025-07-29,Dairy,Local Farm,46.4
2772,2025-04-18,Dry goods,Individual,29.8
2773,2025-02-18,Bakery,Community Drive,34.8
2774,2025-05-18,Bakery,Individual,38.0
2775,2025-04-18,Canned goods,Corporate Gift,32.6
2776,2025-01-07,Dry goods,Supermarket Co,18.4
2777,2025-06-09,Frozen,Supermarket Co,5.5
2778,2025-04-01,Canned goods,Individual,21.6
2779,2025-07-28,Dairy,Individual,14.5
2780,2025-08-10,Canned goods,Supermarket Co,32.9
2781,2025-06-11,Dry goods,Individual,28.3
2782,2025-05-03,Fresh produce,Local Farm,25.2
2783,2025-05-19,Bakery,Individual,9.8
2784,2025-08-05,Beverages,Corporate Gift,13.7
2785,2025-05-21,Fresh produce,Local Farm,37.8
2786,2025-07-23,Frozen,Individual,45.0
2787,2025-01-22,Dairy,Community Drive,14.1
2788,2025-02-11,Bakery,Supermarket Co,40.5
2789,2025-06-12,Dairy,Local Farm,8.8
2790,2025-07-28,Bakery,Community Drive,38.1
2791,2025-06-15,Beverages,Individual,42.1
2792,2025-01-16,Dry goods,Local Farm,36.5
2793,2025-08-17,Canned goods,Supermarket Co,24.7
2794,2025-09-06,Frozen,Local Farm,7.7
2795,2025-04-25,Beverages,Corporate Gift,28.7
2796,2025-03-04,Canned goods,Local Farm,26.3
2797,2025-06-01,Fresh produce,Corporate Gift,39.7
2798,2025-02-10,Frozen,Community Drive,5.0
2799,2025-05-11,Fresh produce,Corporate Gift,16.3
2800,2025-08-17,Dairy,Corporate Gift,18.1
2801,2025-05-07,Dry goods,Corporate Gift,6.6
2802,2025-05-13,Beverages,Corporate Gift,27.6
2803,2025-01-30,Canned goods,Corporate Gift,37.7
2804,2025-05-22,Dairy,Community Drive,23.9
2805,2025-02-02,Dairy,Supermarket Co,25.3
2806,2025-03-25,Dry goods,Community Drive,4.1
2807,2025-02-20,Beverages,Corporate Gift,10.7
2808,2025-04-22,Bakery,Community Drive,19.8
2809,2025-04-19,Dairy,Corporate Gift,34.2
2810,2025-02-03,Canned goods,Community Drive,35.2
2811,2025-03-29,Dry goods,Supermarket Co,26.4
2812,2025-03-26,Dry goods,Community Drive,46.3
2813,2025-07-19,Fresh produce,Individual,25.0
2814,2025-04-13,Fresh produce,Supermarket Co,20.4
2815,2025-05-14,Dairy,Local Farm,7.5
2816,2025-06-04,Bakery,Corporate Gift,16.5
2817,2025-07-18,Beverages,Individual,41.2
2818,2025-03-07,Beverages,Individual,45.7
2819,2025-04-10,Fresh produce,Community Drive,13.4
2820,2025-08-16,Fresh produce,Supermarket Co,41.0
2821,2025-01-15,Bakery,Individual,8.1
2822,2025-08-05,Bakery,Corporate Gift,33.0
2823,2025-05-30,Beverages,Supermarket Co,30.6
2824,2025-01-28,Beverages,Individual,15.5
2825,2025-05-15,Canned goods,Supermarket Co,19.0
2826,2025-04-07,Bakery,Individual,43.4
2827,2025-03-19,Frozen,Corporate Gift,24.7
2828,2025-03-02,Fresh produce,Community Drive,21.0
2829,2025-03-20,Frozen,Corporate Gift,39.8
2830,2025-03-23,Canned goods,Local Farm,37.1
2831,2025-04-30,Beverages,Community Drive,18.4
2832,2025-03-20,Fresh produce,Local Farm,27.6
2833,2025-02-27,Frozen,Individual,2.8
2834,2025-04-09,Canned goods,Local Farm,23.6
2835,2025-04-20,Beverages,Community Drive,27.2
2836,2025-04-18,Fresh produce,Supermarket Co,14.7
2837,2025-08-03,Dairy,Supermarket Co,7.6
2838,2025-04-17,Dairy,Supermarket Co,20.5
2839,2025-08-13,Bakery,Corporate Gift,7.9
2840,2025-06-28,Canned goods,Individual,49.3
2841,2025-07-29,Canned goods,Community Drive,17.0
2842,2025-08-31,Dry goods,Individual,1.2
2843,2025-04-02,Bakery,Community Drive,4.9
2844,2025-03-01,Dry goods,Supermarket Co,2.8
2845,2025-03-13,Beverages,Individual,36.8
2846,2025-08-14,Bakery,Local Farm,45.5
2847,2025-05-11,Frozen,Local Farm,20.5
2848,2025-04-29,Dry goods,Supermarket Co,33.9
2849,2025-05-26,Frozen,Individual,30.6
2850,2025-03-19,Bakery,Local Farm,9.2
2851,2025-08-13,Fresh produce,Local Farm,43.7
2852,2025-01-07,Frozen,Supermarket Co,14.6
2853,2025-09-01,Dry goods,Local Farm,39.5
2854,2025-02-19,Beverages,Local Farm,41.1
2855,2025-01-04,Dry goods,Individual,20.1
2856,2025-08-05,Frozen,Supermarket Co,38.6
2857,2025-08-28,Dairy,Community Drive,14.9
2858,2025-06-14,Fresh produce,Individual,1.1
2859,2025-02-11,Beverages,Corporate Gift,34.2
2860,2025-07-21,Beverages,Corporate Gift,38.2
2861,2025-03-05,Fresh produce,Community Drive,36.4
2862,2025-07-24,Frozen,Local Farm,40.3
2863,2025-04-29,Bakery,Local Farm,4.8
2864,2025-05-29,Dry goods,Supermarket Co,40.4
2865,2025-04-07,Dry goods,Corporate Gift,31.5
2866,2025-01-06,Fresh produce,Supermarket Co,12.1
2867,2025-03-22,Dry goods,Corporate Gift,33.7
2868,2025-03-07,Beverages,Supermarket Co,18.9
2869,2025-06-01,Canned goods,Corporate Gift,49.0
2870,2025-02-15,Dairy,Community Drive,23.5
2871,2025-05-15,Fresh produce,Corporate Gift,33.1
2872,2025-06-06,Bakery,Supermarket Co,19.8
2873,2025-05-04,Canned goods,Corporate Gift,33.0
2874,2025-01-14,Fresh produce,Local Farm,43.7
2875,2025-02-25,Canned goods,Individual,20.3
2876,2025-05-02,Dairy,Supermarket Co,42.9
2877,2025-02-01,Frozen,Community Drive,11.1
2878,2025-05-18,Bakery,Community Drive,24.4
2879,2025-05-19,Dry goods,Local Farm,42.2
2880,2025-03-16,Bakery,Corporate Gift,16.6
2881,2025-02-14,Dry goods,Community Drive,7.6
2882,2025-02-26,Bakery,Individual,4.9
2883,2025-01-19,Fresh produce,Local Farm,25.7
2884,2025-07-25,Beverages,Individual,27.1
2885,2025-06-10,Dairy,Individual,8.9
2886,2025-08-27,Canned goods,Individual,46.4
2887,2025-06-27,Beverages,Supermarket Co,33.3
2888,2025-07-23,Fresh produce,Supermarket Co,16.7
2889,2025-05-22,Fresh produce,Community Drive,13.9
2890,2025-03-27,Dairy,Local Farm,27.2
2891,2025-08-27,Dairy,Community Drive,11.8
2892,2025-01-24,Beverages,Supermarket Co,35.3
2893,2025-04-08,Frozen,Supermarket Co,33.8
2894,2025-06-04,Bakery,Community Drive,12.7
2895,2025-02-23,Dry goods,Local Farm,17.8
2896,2025-03-07,Bakery,Community Drive,38.0
2897,2025-06-11,Bakery,Local Farm,48.8
2898,2025-01-08,Beverages,Corporate Gift,9.7
2899,2025-02-14,Canned goods,Individual,48.2
2900,2025-02-11,Fresh produce,Individual,5.0
2901,2025-02-15,Bakery,Corporate Gift,38.2
2902,2025-06-23,Canned goods,Corporate Gift,36.3
2903,2025-06-15,Fresh produce,Community Drive,31.1
2904,2025-06-23,Beverages,Community Drive,38.9
2905,2025-04-21,Beverages,Individual,6.5
2906,2025-02-17,Fresh produce,Corporate Gift,19.4
2907,2025-06-13,Canned goods,Supermarket Co,24.2
2908,2025-08-25,Beverages,Individual,24.0
2909,2025-06-25,Bakery,Corporate Gift,32.3
2910,2025-07-25,Bakery,Individual,13.0
2911,2025-04-25,Bakery,Corporate Gift,10.3
2912,2025-02-09,Dry goods,Local Farm,44.9
2913,2025-08-25,Canned goods,Corporate Gift,13.9
2914,2025-03-11,Fresh produce,Community Drive,32.5
2915,2025-06-19,Bakery,Individual,29.9
2916,2025-04-07,Frozen,Individual,25.2
2917,2025-07-04,Fresh produce,Local Farm,41.5
2918,2025-05-18,Frozen,Supermarket Co,35.7
2919,2025-03-17,Bakery,Individual,23.4
2920,2025-08-13,Dairy,Community Drive,49.8
2921,2025-06-18,Dry goods,Individual,37.6
2922,2025-05-22,Frozen,Corporate Gift,30.9
2923,2025-08-16,Frozen,Supermarket Co,9.4
2924,2025-07-20,Fresh produce,Community Drive,29.8
2925,2025-07-10,Beverages,Corporate Gift,11.2
2926,2025-04-24,Dry goods,Supermarket Co,15.5
2927,2025-04-14,Frozen,Community Drive,24.6
2928,2025-02-28,Bakery,Community Drive,43.3
2929,2025-08-10,Beverages,Individual,26.9
2930,2025-04-15,Bakery,Corporate Gift,19.0
2931,2025-06-16,Beverages,Local Farm,22.8
2932,2025-06-15,Frozen,Corporate Gift,14.6
2933,2025-01-02,Fresh produce,Local Farm,14.6
2934,2025-08-11,Bakery,Local Farm,34.0
2935,2025-06-03,Bakery,Corporate Gift,21.9
2936,2025-05-30,Bakery,Community Drive,11.4
2937,2025-05-06,Dry goods,Corporate Gift,22.5
2938,2025-06-08,Fresh produce,Corporate Gift,42.0
2939,2025-07-13,Dairy,Corporate Gift,6.2
2940,2025-08-15,Dairy,Local Farm,34.9
2941,2025-07-02,Bakery,Supermarket Co,45.3
2942,2025-03-03,Dry goods,Community Drive,6.5
2943,2025-02-11,Dairy,Local Farm,32.6
2944,2025-04-10,Canned goods,Community Drive,39.5
2945,2025-02-19,Dry goods,Corporate Gift,29.8
2946,2025-06-11,Dry goods,Individual,22.4
2947,2025-01-28,Dairy,Local Farm,4.2
2948,2025-04-14,Dry goods,Corporate Gift,25.6
2949,2025-05-18,Fresh produce,Individual,17.5
2950,2025-05-17,Dry goods,Community Drive,27.2
2951,2025-04-06,Fresh produce,Community Drive,16.6
2952,2025-02-01,Canned goods,Individual,21.1
2953,2025-02-23,Canned goods,Supermarket Co,11.7
2954,2025-08-10,Canned goods,Supermarket Co,12.7
2955,2025-02-05,Bakery,Local Farm,4.5
2956,2025-02-15,Canned goods,Community Drive,41.8
2957,2025-02-18,Dairy,Individual,47.8
2958,2025-02-17,Frozen,Local Farm,43.1
2959,2025-08-25,Dry goods,Supermarket Co,37.9
2960,2025-06-27,Beverages,Corporate Gift,24.5
2961,2025-03-01,Frozen,Individual,27.9
2962,2025-06-27,Dairy,Local Farm,6.3
2963,2025-06-29,Dairy,Community Drive,29.9
2964,2025-07-22,Beverages,Supermarket Co,23.3
2965,2025-02-23,Beverages,Local Farm,16.4
2966,2025-06-15,Dry goods,Individual,9.2
2967,2025-02-18,Bakery,Individual,47.0
2968,2025-05-23,Fresh produce,Community Drive,14.6
2969,2025-06-12,Fresh produce,Corporate Gift,9.8
2970,2025-04-29,Fresh produce,Corporate Gift,45.6
2971,2025-08-14,Dry goods,Community Drive,14.3
2972,2025-06-24,Frozen,Corporate Gift,39.0
2973,2025-03-17,Beverages,Corporate Gift,29.3
2974,2025-06-02,Fresh produce,Supermarket Co,24.1
2975,2025-04-15,Beverages,Individual,27.4
2976,2025-03-19,Dry goods,Corporate Gift,36.7
2977,2025-03-01,Bakery,Supermarket Co,25.7
2978,2025-01-25,Fresh produce,Local Farm,10.3
2979,2025-04-13,Beverages,Local Farm,15.0
2980,2025-01-21,Bakery,Community Drive,41.2
2981,2025-02-14,Dairy,Local Farm,35.4
2982,2025-02-28,Fresh produce,Individual,19.3
2983,2025-03-08,Beverages,Corporate Gift,2.5
2984,2025-01-06,Bakery,Corporate Gift,41.5
2985,2025-02-12,Frozen,Community Drive,17.7
2986,2025-03-29,Fresh produce,Corporate Gift,5.9
2987,2025-05-26,Dairy,Individual,28.0
2988,2025-08-13,Beverages,Individual,43.8
2989,2025-07-27,Fresh produce,Individual,38.7
2990,2025-02-24,Fresh produce,Supermarket Co,29.9
2991,2025-02-10,Fresh produce,Individual,41.5
2992,2025-06-06,Dairy,Individual,37.1
2993,2025-07-17,Dairy,Corporate Gift,15.1
2994,2025-04-27,Fresh produce,Individual,40.0
2995,2025-07-26,Beverages,Individual,11.3
2996,2025-07-15,Canned goods,Community Drive,37.0
2997,2025-05-01,Bakery,Community Drive,7.6
2998,2025-01-02,Bakery,Supermarket Co,29.4
2999,2025-05-12,Bakery,Corporate Gift,39.1
3000,2025-03-11,Canned goods,Individual,38.4
3001,2025-03-09,Canned goods,Supermarket Co,43.0
3002,2025-06-20,Dry goods,Corporate Gift,23.1
3003,2025-04-13,Dairy,Corporate Gift,40.1
3004,2025-05-04,Bakery,Supermarket Co,24.9
3005,2025-09-02,Frozen,Individual,27.2
3006,2025-02-02,Fresh produce,Local Farm,44.8
3007,2025-06-16,Dry goods,Community Drive,41.3
3008,2025-04-22,Dry goods,Corporate Gift,28.6
3009,2025-05-14,Fresh produce,Individual,2.3
3010,2025-05-06,Beverages,Corporate Gift,10.2
3011,2025-02-28,Bakery,Community Drive,11.6
3012,2025-05-24,Bakery,Supermarket Co,4.8
3013,2025-02-28,Dry goods,Local Farm,20.9
3014,2025-02-04,Canned goods,Local Farm,6.6
3015,2025-03-11,Fresh produce,Supermarket Co,20.6
3016,2025-06-26,Beverages,Community Drive,1.4
3017,2025-05-02,Frozen,Individual,27.5
3018,2025-06-02,Frozen,Individual,8.4
3019,2025-07-04,Frozen,Local Farm,39.9
3020,2025-06-15,Dairy,Supermarket Co,16.0
3021,2025-07-22,Canned goods,Individual,1.3
3022,2025-05-23,Dairy,Community Drive,47.0
3023,2025-08-30,Fresh produce,Supermarket Co,10.0
3024,2025-09-05,Dairy,Supermarket Co,13.4
3025,2025-08-06,Frozen,Individual,17.3
3026,2025-05-06,Fresh produce,Community Drive,28.3
3027,2025-03-11,Bakery,Supermarket Co,44.6
3028,2025-02-05,Dry goods,Individual,16.7
3029,2025-04-25,Canned goods,Corporate Gift,14.0
3030,2025-07-26,Frozen,Individual,27.5
3031,2025-04-12,Dry goods,Individual,36.7
3032,2025-07-21,Frozen,Local Farm,11.8
3033,2025-01-30,Dairy,Community Drive,37.0
3034,2025-03-09,Beverages,Supermarket Co,24.0
3035,2025-02-05,Frozen,Individual,5.5
3036,2025-02-18,Fresh produce,Community Drive,43.0
3037,2025-07-03,Beverages,Local Farm,13.9
3038,2025-03-27,Dry goods,Local Farm,32.1
3039,2025-01-04,Canned goods,Individual,17.3
3040,2025-03-15,Fresh produce,Supermarket Co,18.8
3041,2025-02-16,Dry goods,Local Farm,17.1
3042,2025-05-07,Dairy,Supermarket Co,15.4
3043,2025-02-13,Fresh produce,Corporate Gift,15.2
3044,2025-05-17,Dairy,Supermarket Co,18.9
3045,2025-05-24,Canned goods,Individual,38.2
3046,2025-07-19,Frozen,Community Drive,46.5
3047,2025-03-19,Canned goods,Community Drive,19.7
3048,2025-03-11,Canned goods,Local Farm,44.3
3049,2025-02-01,Dry goods,Corporate Gift,19.5
3050,2025-05-26,Frozen,Individual,29.7
3051,2025-05-26,Dairy,Community Drive,8.8
3052,2025-05-07,Frozen,Corporate Gift,46.9
3053,2025-01-25,Dairy,Supermarket Co,19.5
3054,2025-01-01,Bakery,Community Drive,21.4
3055,2025-04-30,Dairy,Supermarket Co,32.6
3056,2025-05-19,Canned goods,Corporate Gift,29.4
3057,2025-08-24,Dairy,Individual,41.6
3058,2025-04-24,Bakery,Individual,36.4
3059,2025-01-13,Fresh produce,Individual,45.0
3060,2025-06-26,Dairy,Corporate Gift,20.4
3061,2025-01-25,Beverages,Community Drive,32.6
3062,2025-06-15,Bakery,Community Drive,34.6
3063,2025-05-27,Frozen,Supermarket Co,36.6
3064,2025-07-21,Dry goods,Community Drive,13.2
3065,2025-05-18,Canned goods,Supermarket Co,4.2
3066,2025-03-11,Canned goods,Corporate Gift,37.1
3067,2025-04-26,Canned goods,Individual,33.3
3068,2025-02-16,Dairy,Individual,46.8
3069,2025-02-23,Dry goods,Corporate Gift,26.1
3070,2025-05-04,Fresh produce,Individual,21.1
3071,2025-04-19,Beverages,Supermarket Co,3.6
3072,2025-07-29,Dairy,Community Drive,17.3
3073,2025-03-29,Canned goods,Supermarket Co,5.9
3074,2025-08-05,Beverages,Corporate Gift,39.1
3075,2025-07-26,Dairy,Corporate Gift,19.2
3076,2025-06-29,Dry goods,Community Drive,39.8
3077,2025-04-30,Bakery,Individual,18.6
3078,2025-05-05,Bakery,Individual,17.8
3079,2025-05-02,Fresh produce,Supermarket Co,34.6
3080,2025-05-05,Dry goods,Community Drive,11.2
3081,2025-06-15,Fresh produce,Corporate Gift,17.6
3082,2025-03-27,Frozen,Local Farm,38.3
3083,2025-02-24,Frozen,Local Farm,40.6
3084,2025-08-14,Frozen,Local Farm,22.9
3085,2025-07-16,Dairy,Corporate Gift,17.3
3086,2025-01-15,Dairy,Individual,11.2
3087,2025-06-24,Fresh produce,Local Farm,18.2
3088,2025-06-14,Beverages,Individual,17.5
3089,2025-05-05,Canned goods,Individual,34.5
3090,2025-02-27,Frozen,Local Farm,14.6
3091,2025-08-16,Dairy,Individual,19.6
3092,2025-06-05,Bakery,Community Drive,6.6
3093,2025-07-30,Fresh produce,Local Farm,26.2
3094,2025-06-06,Bakery,Corporate Gift,21.5
3095,2025-04-17,Bakery,Community Drive,7.9
3096,2025-07-11,Bakery,Individual,2.7
3097,2025-04-10,Beverages,Individual,33.2
3098,2025-02-09,Dairy,Corporate Gift,30.3
3099,2025-02-24,Frozen,Supermarket Co,39.1
3100,2025-06-27,Beverages,Corporate Gift,22.3
3101,2025-04-12,Canned goods,Community Drive,7.5
3102,2025-06-20,Fresh produce,Local Farm,22.1
3103,2025-01-12,Frozen,Supermarket Co,9.1
3104,2025-07-15,Dairy,Individual,14.0
3105,2025-08-21,Frozen,Local Farm,17.0
3106,2025-01-24,Canned goods,Supermarket Co,14.0
3107,2025-04-12,Beverages,Local Farm,43.9
3108,2025-03-23,Fresh produce,Local Farm,9.4
3109,2025-05-28,Beverages,Individual,45.5
3110,2025-04-23,Bakery,Community Drive,7.0
3111,2025-03-15,Fresh produce,Supermarket Co,41.6
3112,2025-05-22,Dairy,Local Farm,11.2
3113,2025-08-01,Dry goods,Individual,39.8
3114,2025-02-25,Frozen,Corporate Gift,30.7
3115,2025-07-19,Dairy,Individual,2.0
3116,2025-07-08,Frozen,Corporate Gift,27.7
3117,2025-08-21,Dairy,Supermarket Co,40.0
3118,2025-03-29,Bakery,Individual,27.6
3119,2025-04-05,Fresh produce,Corporate Gift,16.2
3120,2025-08-25,Dairy,Local Farm,23.3
3121,2025-07-07,Beverages,Community Drive,3.8
3122,2025-02-22,Beverages,Community Drive,39.5
3123,2025-01-09,Fresh produce,Supermarket Co,38.7
3124,2025-07-28,Fresh produce,Corporate Gift,11.4
3125,2025-07-02,Canned goods,Supermarket Co,6.0
3126,2025-02-22,Canned goods,Individual,16.9
3127,2025-09-03,Dry goods,Local Farm,27.4
3128,2025-04-17,Dry goods,Individual,43.4
3129,2025-09-02,Frozen,Corporate Gift,23.9
3130,2025-03-31,Dairy,Community Drive,37.0
3131,2025-01-22,Dairy,Community Drive,18.8
3132,2025-03-08,Frozen,Individual,26.2
3133,2025-01-26,Dairy,Supermarket Co,32.4
3134,2025-06-25,Fresh produce,Corporate Gift,12.4
3135,2025-05-13,Dry goods,Local Farm,5.1
3136,2025-04-05,Dry goods,Individual,27.9
3137,2025-04-02,Canned goods,Supermarket Co,27.8
3138,2025-05-19,Dry goods,Supermarket Co,27.6
3139,2025-01-14,Bakery,Community Drive,14.2
3140,2025-08-25,Beverages,Supermarket Co,44.5
3141,2025-03-11,Beverages,Local Farm,38.4
3142,2025-07-23,Dairy,Individual,9.2
3143,2025-03-06,Frozen,Supermarket Co,20.6
3144,2025-03-08,Dry goods,Corporate Gift,5.7
3145,2025-03-20,Beverages,Supermarket Co,35.0
3146,2025-02-09,Dry goods,Individual,46.3
3147,2025-05-29,Frozen,Local Farm,9.6
3148,2025-07-18,Beverages,Supermarket Co,38.9
3149,2025-08-10,Beverages,Community Drive,36.3
3150,2025-04-19,Frozen,Individual,14.0
3151,2025-07-26,Bakery,Corporate Gift,9.1
3152,2025-05-03,Dairy,Supermarket Co,9.4
3153,2025-05-08,Beverages,Community Drive,46.8
3154,2025-03-19,Frozen,Supermarket Co,18.6
3155,2025-05-02,Canned goods,Individual,13.0
3156,2025-02-20,Dry goods,Community Drive,46.8
3157,2025-05-02,Canned goods,Corporate Gift,46.8
3158,2025-07-28,Bakery,Community Drive,48.4
3159,2025-05-29,Bakery,Local Farm,7.6
3160,2025-04-10,Frozen,Individual,28.6
3161,2025-03-07,Dry goods,Supermarket Co,45.1
3162,2025-07-01,Canned goods,Corporate Gift,30.0
3163,2025-02-12,Beverages,Individual,10.9
3164,2025-05-26,Dry goods,Local Farm,23.0
3165,2025-05-25,Beverages,Local Farm,26.4
3166,2025-03-18,Dairy,Local Farm,27.2
3167,2025-08-15,Dry goods,Supermarket Co,18.1
3168,2025-04-26,Frozen,Supermarket Co,21.2
3169,2025-05-21,Beverages,Community Drive,46.2
3170,2025-05-26,Frozen,Supermarket Co,19.2
3171,2025-08-19,Frozen,Local Farm,14.0
3172,2025-06-25,Bakery,Individual,48.7
3173,2025-07-27,Bakery,Corporate Gift,8.0
3174,2025-02-02,Canned goods,Community Drive,6.1
3175,2025-03-21,Bakery,Individual,21.8
3176,2025-09-02,Beverages,Local Farm,45.9
3177,2025-08-23,Dry goods,Corporate Gift,3.2
3178,2025-09-04,Dairy,Community Drive,11.4
3179,2025-07-28,Beverages,Supermarket Co,26.9
3180,2025-06-01,Fresh produce,Corporate Gift,21.9
3181,2025-07-15,Dairy,Supermarket Co,47.2
3182,2025-03-08,Beverages,Corporate Gift,7.8
3183,2025-01-07,Frozen,Community Drive,45.1
3184,2025-01-17,Frozen,Individual,5.0
3185,2025-08-02,Dry goods,Local Farm,36.4
3186,2025-04-28,Canned goods,Local Farm,17.0
3187,2025-04-30,Fresh produce,Local Farm,34.0
3188,2025-02-27,Beverages,Supermarket Co,41.6
3189,2025-01-05,Beverages,Individual,35.1
3190,2025-03-26,Dairy,Individual,16.9
3191,2025-03-11,Dairy,Corporate Gift,42.9
3192,2025-07-11,Dairy,Corporate Gift,15.2
3193,2025-05-07,Beverages,Community Drive,46.3
3194,2025-03-19,Dry goods,Corporate Gift,48.0
3195,2025-07-18,Dry goods,Corporate Gift,25.0
3196,2025-04-27,Bakery,Community Drive,44.3
3197,2025-04-22,Dry goods,Local Farm,34.8
3198,2025-04-23,Bakery,Supermarket Co,1.5
3199,2025-04-19,Frozen,Local Farm,18.2
3200,2025-02-13,Fresh produce,Supermarket Co,8.5
3201,2025-08-14,Dairy,Local Farm,3.8
3202,2025-04-19,Dry goods,Community Drive,22.2
3203,2025-06-13,Fresh produce,Local Farm,18.8
3204,2025-02-10,Dry goods,Local Farm,45.8
3205,2025-05-02,Dairy,Corporate Gift,3.4
3206,2025-06-26,Beverages,Corporate Gift,44.0
3207,2025-06-23,Beverages,Community Drive,23.8
3208,2025-08-12,Beverages,Supermarket Co,24.3
3209,2025-07-05,Canned goods,Local Farm,7.4
3210,2025-07-20,Frozen,Individual,25.1
3211,2025-08-21,Canned goods,Supermarket Co,49.9
3212,2025-02-05,Bakery,Local Farm,8.5
3213,2025-05-04,Frozen,Local Farm,28.1
3214,2025-03-10,Bakery,Local Farm,17.0
3215,2025-07-16,Beverages,Individual,20.4
3216,2025-04-21,Dairy,Individual,38.7
3217,2025-05-10,Fresh produce,Corporate Gift,21.4
3218,2025-01-13,Bakery,Corporate Gift,13.9
3219,2025-03-05,Dairy,Local Farm,38.6
3220,2025-05-01,Dairy,Corporate Gift,19.8
3221,2025-08-25,Dry goods,Local Farm,29.1
3222,2025-01-25,Beverages,Community Drive,32.0
3223,2025-04-25,Dry goods,Local Farm,44.4
3224,2025-08-24,Canned goods,Supermarket Co,37.9
3225,2025-07-13,Bakery,Local Farm,45.2
3226,2025-06-22,Dry goods,Corporate Gift,44.4
3227,2025-07-18,Fresh produce,Corporate Gift,37.3
3228,2025-07-15,Frozen,Local Farm,13.9
3229,2025-02-05,Canned goods,Corporate Gift,6.2
3230,2025-04-14,Dry goods,Supermarket Co,19.9
3231,2025-04-14,Dry goods,Individual,10.4
3232,2025-08-07,Beverages,Local Farm,15.3
3233,2025-05-20,Fresh produce,Local Farm,26.7
3234,2025-08-26,Dry goods,Supermarket Co,28.2
3235,2025-04-08,Beverages,Individual,47.0
3236,2025-05-27,Frozen,Community Drive,8.7
3237,2025-08-12,Dairy,Individual,20.7
3238,2025-01-26,Dry goods,Supermarket Co,49.8
3239,2025-05-04,Frozen,Supermarket Co,44.8
3240,2025-02-24,Fresh produce,Supermarket Co,42.4
3241,2025-07-18,Fresh produce,Local Farm,39.3
3242,2025-05-28,Dairy,Local Farm,45.7
3243,2025-07-12,Frozen,Community Drive,6.1
3244,2025-07-14,Dry goods,Community Drive,11.9
3245,2025-07-24,Beverages,Supermarket Co,19.6
3246,2025-01-09,Frozen,Individual,38.2
3247,2025-05-18,Frozen,Supermarket Co,15.7
3248,2025-04-04,Beverages,Corporate Gift,47.5
3249,2025-02-13,Beverages,Supermarket Co,26.1
3250,2025-05-11,Beverages,Community Drive,18.3
3251,2025-01-04,Canned goods,Local Farm,42.7
3252,2025-07-23,Beverages,Community Drive,8.3
3253,2025-09-04,Fresh produce,Supermarket Co,23.1
3254,2025-06-19,Dairy,Community Drive,26.0
3255,2025-08-16,Dry goods,Corporate Gift,5.3
3256,2025-05-01,Canned goods,Local Farm,34.1
3257,2025-01-03,Dry goods,Supermarket Co,36.5
3258,2025-06-02,Canned goods,Individual,37.9
3259,2025-07-14,Dry goods,Corporate Gift,26.5
3260,2025-05-31,Bakery,Local Farm,8.7
3261,2025-05-27,Frozen,Corporate Gift,26.6
3262,2025-02-02,Frozen,Supermarket Co,15.2
3263,2025-02-10,Canned goods,Community Drive,17.2
3264,2025-07-15,Dairy,Corporate Gift,22.0
3265,2025-01-12,Beverages,Corporate Gift,7.2
3266,2025-03-18,Fresh produce,Corporate Gift,46.4
3267,2025-06-03,Frozen,Supermarket Co,34.4
3268,2025-04-29,Bakery,Individual,16.0
3269,2025-06-16,Frozen,Corporate Gift,43.6
3270,2025-05-14,Dairy,Supermarket Co,22.2
3271,2025-02-05,Bakery,Supermarket Co,48.0
3272,2025-04-17,Frozen,Corporate Gift,13.3
3273,2025-07-21,Beverages,Supermarket Co,32.5
3274,2025-08-12,Beverages,Community Drive,37.2
3275,2025-04-05,Frozen,Local Farm,16.8
3276,2025-06-18,Canned goods,Community Drive,17.9
3277,2025-08-11,Dry goods,Local Farm,11.7
3278,2025-08-22,Dairy,Individual,25.5
3279,2025-03-01,Frozen,Individual,29.0
3280,2025-08-03,Dairy,Corporate Gift,19.9
3281,2025-01-04,Bakery,Corporate Gift,41.4
3282,2025-05-18,Frozen,Local Farm,20.5
3283,2025-09-04,Dairy,Individual,35.5
3284,2025-01-04,Beverages,Supermarket Co,49.8
3285,2025-03-08,Dairy,Community Drive,23.0
3286,2025-03-22,Frozen,Community Drive,24.8
3287,2025-02-13,Beverages,Supermarket Co,25.6
3288,2025-03-16,Bakery,Individual,32.0
3289,2025-03-23,Dry goods,Local Farm,37.9
3290,2025-07-31,Dry goods,Community Drive,15.1
3291,2025-09-04,Frozen,Corporate Gift,44.4
3292,2025-03-01,Canned goods,Individual,3.1
3293,2025-09-05,Dry goods,Supermarket Co,25.7
3294,2025-01-25,Dry goods,Community Drive,47.2
3295,2025-02-26,Beverages,Community Drive,30.9
3296,2025-08-20,Beverages,Individual,19.2
3297,2025-02-20,Canned goods,Supermarket Co,32.1
3298,2025-06-19,Bakery,Local Farm,22.7
3299,2025-04-12,Canned goods,Corporate Gift,19.1
3300,2025-05-23,Fresh produce,Supermarket Co,7.6
3301,2025-03-07,Dry goods,Local Farm,28.5
3302,2025-04-23,Dairy,Corporate Gift,11.4
3303,2025-06-17,Beverages,Local Farm,47.4
3304,2025-06-05,Bakery,Local Farm,29.2
3305,2025-04-25,Canned goods,Individual,46.6
3306,2025-02-07,Frozen,Supermarket Co,21.7
3307,2025-03-18,Canned goods,Local Farm,20.6
3308,2025-03-02,Beverages,Local Farm,3.1
3309,2025-04-15,Canned goods,Individual,21.6
3310,2025-08-02,Frozen,Community Drive,37.4
3311,2025-03-16,Canned goods,Individual,25.5
3312,2025-06-12,Bakery,Individual,2.3
3313,2025-08-18,Bakery,Supermarket Co,5.5
3314,2025-03-28,Beverages,Supermarket Co,29.9
3315,2025-07-17,Dairy,Supermarket Co,34.0
3316,2025-05-27,Bakery,Individual,37.7
3317,2025-08-29,Beverages,Individual,6.6
3318,2025-01-29,Dry goods,Individual,10.8
3319,2025-04-11,Dry goods,Corporate Gift,46.2
3320,2025-08-10,Bakery,Supermarket Co,46.7
3321,2025-02-12,Frozen,Corporate Gift,21.0
3322,2025-08-19,Dairy,Individual,17.0
3323,2025-08-06,Frozen,Local Farm,1.7
3324,2025-08-31,Frozen,Individual,35.0
3325,2025-06-23,Canned goods,Corporate Gift,15.1
3326,2025-08-11,Beverages,Corporate Gift,3.0
3327,2025-02-07,Frozen,Local Farm,27.1
3328,2025-07-21,Frozen,Community Drive,20.1
3329,2025-09-01,Fresh produce,Supermarket Co,26.3
3330,2025-02-21,Dairy,Community Drive,31.3
3331,2025-04-18,Fresh produce,Supermarket Co,6.6
3332,2025-03-21,Dairy,Supermarket Co,35.7
3333,2025-02-08,Bakery,Individual,7.3
3334,2025-01-26,Canned goods,Local Farm,38.0
3335,2025-01-06,Bakery,Supermarket Co,24.4
3336,2025-04-03,Fresh produce,Community Drive,39.8
3337,2025-07-15,Canned goods,Corporate Gift,17.2
3338,2025-06-24,Beverages,Local Farm,24.1
3339,2025-03-03,Dry goods,Local Farm,2.3
3340,2025-06-26,Frozen,Community Drive,9.9
3341,2025-08-29,Dry goods,Community Drive,46.0
3342,2025-07-27,Dry goods,Corporate Gift,35.6
3343,2025-04-10,Dry goods,Local Farm,20.9
3344,2025-06-22,Canned goods,Individual,23.7
3345,2025-06-08,Bakery,Supermarket Co,49.0
3346,2025-01-08,Bakery,Local Farm,3.5
3347,2025-06-14,Frozen,Community Drive,1.1
3348,2025-01-30,Beverages,Local Farm,23.5
3349,2025-05-16,Canned goods,Supermarket Co,9.4
3350,2025-06-13,Bakery,Supermarket Co,28.2
3351,2025-01-27,Canned goods,Corporate Gift,9.0
3352,2025-04-30,Frozen,Local Farm,9.8
3353,2025-08-08,Canned goods,Local Farm,26.3
3354,2025-01-25,Dairy,Local Farm,16.4
3355,2025-09-04,Bakery,Local Farm,28.9
3356,2025-01-26,Dry goods,Corporate Gift,43.8
3357,2025-06-23,Fresh produce,Supermarket Co,41.4
3358,2025-04-30,Canned goods,Community Drive,39.3
3359,2025-05-26,Beverages,Supermarket Co,4.2
3360,2025-08-29,Fresh produce,Individual,24.2
3361,2025-03-28,Bakery,Community Drive,22.2
3362,2025-02-21,Canned goods,Individual,5.4
3363,2025-04-02,Bakery,Corporate Gift,35.6
3364,2025-05-26,Beverages,Supermarket Co,3.2
3365,2025-08-30,Fresh produce,Supermarket Co,49.3
3366,2025-07-04,Bakery,Community Drive,1.2
3367,2025-07-17,Beverages,Individual,20.7
3368,2025-02-08,Dairy,Community Drive,38.1
3369,2025-01-17,Beverages,Community Drive,8.4
3370,2025-01-24,Dairy,Community Drive,3.3
3371,2025-03-04,Frozen,Local Farm,20.0
3372,2025-02-24,Frozen,Individual,36.3
3373,2025-08-29,Beverages,Corporate Gift,20.1
3374,2025-03-12,Bakery,Corporate Gift,7.1
3375,2025-06-30,Fresh produce,Corporate Gift,5.5
3376,2025-01-01,Canned goods,Individual,19.5
3377,2025-09-04,Frozen,Individual,28.4
3378,2025-04-22,Bakery,Community Drive,27.7
3379,2025-01-28,Dairy,Local Farm,39.5
3380,2025-07-27,Canned goods,Individual,15.6
3381,2025-04-20,Dairy,Individual,12.3
3382,2025-04-08,Beverages,Community Drive,23.5
3383,2025-01-17,Dairy,Corporate Gift,2.7
3384,2025-07-31,Frozen,Local Farm,46.7
3385,2025-06-14,Bakery,Supermarket Co,32.8
3386,2025-07-02,Bakery,Individual,36.8
3387,2025-04-09,Beverages,Community Drive,34.2
3388,2025-08-28,Beverages,Local Farm,39.0
3389,2025-05-05,Fresh produce,Supermarket Co,14.7
3390,2025-01-25,Fresh produce,Individual,34.5
3391,2025-03-30,Bakery,Community Drive,7.2
3392,2025-07-02,Beverages,Local Farm,29.8
3393,2025-08-29,Canned goods,Corporate Gift,18.0
3394,2025-04-22,Canned goods,Community Drive,47.2
3395,2025-01-26,Canned goods,Individual,30.9
3396,2025-07-25,Dairy,Corporate Gift,40.8
3397,2025-07-23,Dry goods,Corporate Gift,21.4
3398,2025-05-08,Beverages,Local Farm,6.6
3399,2025-01-06,Dairy,Community Drive,9.8
3400,2025-04-29,Dry goods,Corporate Gift,30.6
3401,2025-06-01,Dry goods,Supermarket Co,39.2
3402,2025-04-22,Canned goods,Individual,3.0
3403,2025-06-10,Dairy,Supermarket Co,29.4
3404,2025-06-03,Fresh produce,Supermarket Co,35.6
3405,2025-05-07,Dairy,Individual,19.4
3406,2025-08-13,Dairy,Local Farm,49.6
3407,2025-03-23,Frozen,Corporate Gift,43.3
3408,2025-04-25,Dairy,Supermarket Co,39.1
3409,2025-08-05,Canned goods,Community Drive,5.8
3410,2025-02-10,Canned goods,Supermarket Co,32.6
3411,2025-06-21,Beverages,Community Drive,20.3
3412,2025-07-21,Dairy,Community Drive,14.9
3413,2025-05-27,Fresh produce,Corporate Gift,5.3
3414,2025-08-28,Canned goods,Corporate Gift,12.8
3415,2025-01-18,Fresh produce,Local Farm,27.7
3416,2025-04-12,Canned goods,Community Drive,29.5
3417,2025-07-20,Fresh produce,Local Farm,26.0
3418,2025-05-12,Canned goods,Corporate Gift,28.5
3419,2025-05-05,Bakery,Supermarket Co,23.9
3420,2025-04-18,Dry goods,Community Drive,24.8
3421,2025-01-24,Fresh produce,Local Farm,17.6
3422,2025-04-14,Dairy,Local Farm,24.5
3423,2025-02-07,Beverages,Local Farm,5.1
3424,2025-04-15,Dry goods,Corporate Gift,45.5
3425,2025-08-10,Dry goods,Supermarket Co,6.8
3426,2025-07-24,Dairy,Corporate Gift,39.4
3427,2025-07-03,Canned goods,Individual,17.2
3428,2025-03-06,Fresh produce,Corporate Gift,8.5
3429,2025-03-28,Fresh produce,Supermarket Co,28.6
3430,2025-01-18,Fresh produce,Community Drive,27.9
3431,2025-01-17,Canned goods,Individual,30.1
3432,2025-08-02,Canned goods,Individual,46.5
3433,2025-06-27,Dairy,Supermarket Co,47.2
3434,2025-02-22,Dairy,Community Drive,29.6
3435,2025-05-13,Dairy,Community Drive,16.5
3436,2025-04-30,Bakery,Supermarket Co,27.2
3437,2025-05-10,Frozen,Community Drive,1.5
3438,2025-06-16,Dry goods,Community Drive,49.5
3439,2025-03-29,Dairy,Supermarket Co,29.9
3440,2025-03-08,Frozen,Community Drive,44.5
3441,2025-02-26,Frozen,Individual,40.3
3442,2025-05-29,Frozen,Supermarket Co,14.3
3443,2025-02-03,Beverages,Local Farm,10.3
3444,2025-01-03,Frozen,Supermarket Co,45.8
3445,2025-01-20,Canned goods,Individual,22.1
3446,2025-02-15,Beverages,Individual,13.8
3447,2025-04-13,Canned goods,Community Drive,10.2
3448,2025-08-24,Beverages,Corporate Gift,14.9
3449,2025-04-05,Dry goods,Community Drive,35.3
3450,2025-01-13,Dairy,Individual,16.4
3451,2025-08-13,Canned goods,Individual,34.5
3452,2025-04-28,Fresh produce,Supermarket Co,27.5
3453,2025-02-17,Frozen,Corporate Gift,21.9
3454,2025-04-17,Frozen,Corporate Gift,18.1
3455,2025-07-01,Frozen,Local Farm,44.3
3456,2025-01-20,Dry goods,Corporate Gift,47.6
3457,2025-05-05,Canned goods,Supermarket Co,27.9
3458,2025-07-21,Dry goods,Supermarket Co,25.9
3459,2025-09-06,Dry goods,Community Drive,26.9
3460,2025-04-20,Frozen,Local Farm,31.0
3461,2025-06-28,Fresh produce,Corporate Gift,8.6
3462,2025-04-18,Fresh produce,Corporate Gift,4.7
3463,2025-02-26,Beverages,Local Farm,23.4
3464,2025-03-04,Fresh produce,Supermarket Co,5.7
3465,2025-05-21,Beverages,Supermarket Co,49.3
3466,2025-07-22,Dairy,Community Drive,31.0
3467,2025-07-12,Canned goods,Individual,24.2
3468,2025-03-31,Dairy,Supermarket Co,21.8
3469,2025-03-07,Canned goods,Individual,30.5
3470,2025-08-24,Canned goods,Individual,16.4
3471,2025-03-10,Bakery,Supermarket Co,31.3
3472,2025-03-06,Canned goods,Local Farm,23.4
3473,2025-01-30,Beverages,Supermarket Co,21.9
3474,2025-06-09,Frozen,Corporate Gift,3.9
3475,2025-07-07,Bakery,Supermarket Co,9.7
3476,2025-05-01,Beverages,Individual,38.0
3477,2025-01-26,Beverages,Supermarket Co,27.4
3478,2025-02-11,Bakery,Individual,10.4
3479,2025-08-25,Canned goods,Corporate Gift,35.9
3480,2025-06-22,Fresh produce,Corporate Gift,38.6
3481,2025-01-13,Frozen,Corporate Gift,41.8
3482,2025-01-25,Beverages,Corporate Gift,6.8
3483,2025-08-16,Frozen,Local Farm,18.0
3484,2025-05-22,Bakery,Local Farm,7.2
3485,2025-06-08,Beverages,Local Farm,33.3
3486,2025-06-07,Canned goods,Supermarket Co,24.3
3487,2025-06-03,Canned goods,Local Farm,7.9
3488,2025-01-31,Dry goods,Corporate Gift,17.1
3489,2025-06-14,Beverages,Local Farm,25.0
3490,2025-08-04,Fresh produce,Supermarket Co,6.0
3491,2025-03-03,Bakery,Corporate Gift,13.9
3492,2025-08-04,Beverages,Individual,4.5
3493,2025-01-10,Bakery,Individual,25.7
3494,2025-07-04,Bakery,Individual,17.5
3495,2025-05-11,Dry goods,Supermarket Co,31.7
3496,2025-08-21,Fresh produce,Corporate Gift,32.7
3497,2025-05-16,Frozen,Individual,46.5
3498,2025-04-06,Dairy,Corporate Gift,37.7
3499,2025-02-20,Canned goods,Local Farm,38.4
3500,2025-02-28,Frozen,Local Farm,27.6
3501,2025-07-30,Frozen,Community Drive,47.8
3502,2025-03-24,Beverages,Community Drive,18.5
3503,2025-03-23,Canned goods,Individual,35.8
3504,2025-06-26,Frozen,Individual,16.9
3505,2025-02-18,Bakery,Supermarket Co,1.2
3506,2025-01-16,Dry goods,Community Drive,28.3
3507,2025-01-20,Fresh produce,Supermarket Co,42.0
3508,2025-02-01,Canned goods,Local Farm,28.9
3509,2025-04-26,Dairy,Corporate Gift,34.1
3510,2025-08-27,Dairy,Corporate Gift,39.3
3511,2025-01-21,Beverages,Individual,18.1
3512,2025-08-28,Bakery,Community Drive,33.2
3513,2025-06-16,Dairy,Corporate Gift,4.9
3514,2025-04-12,Fresh produce,Local Farm,29.2
3515,2025-05-11,Canned goods,Corporate Gift,45.3
3516,2025-01-25,Frozen,Local Farm,5.6
3517,2025-03-12,Beverages,Community Drive,19.2
3518,2025-08-29,Fresh produce,Corporate Gift,37.4
3519,2025-02-26,Frozen,Corporate Gift,49.1
3520,2025-01-09,Frozen,Corporate Gift,13.6
3521,2025-05-27,Dry goods,Corporate Gift,29.7
3522,2025-02-22,Frozen,Local Farm,48.0
3523,2025-01-28,Beverages,Corporate Gift,3.5
3524,2025-06-24,Dairy,Local Farm,20.9
3525,2025-01-24,Canned goods,Supermarket Co,25.1
3526,2025-09-04,Dry goods,Community Drive,22.4
3527,2025-05-28,Dry goods,Supermarket Co,29.7
3528,2025-05-31,Canned goods,Supermarket Co,49.9
3529,2025-07-04,Frozen,Corporate Gift,23.1
3530,2025-06-08,Dairy,Local Farm,23.0
3531,2025-04-06,Dry goods,Individual,2.0
3532,2025-03-27,Canned goods,Corporate Gift,37.1
3533,2025-02-08,Dairy,Individual,10.0
3534,2025-03-15,Frozen,Supermarket Co,7.9
3535,2025-04-19,Bakery,Local Farm,17.6
3536,2025-02-13,Frozen,Supermarket Co,27.5
3537,2025-01-20,Canned goods,Supermarket Co,47.2
3538,2025-06-02,Beverages,Local Farm,4.6
3539,2025-07-15,Beverages,Individual,3.5
3540,2025-06-10,Fresh produce,Individual,13.0
3541,2025-03-25,Frozen,Individual,38.1
3542,2025-06-11,Fresh produce,Community Drive,5.7
3543,2025-03-18,Dry goods,Supermarket Co,3.5
3544,2025-01-27,Frozen,Local Farm,19.4
3545,2025-07-31,Bakery,Supermarket Co,8.8
3546,2025-07-01,Beverages,Supermarket Co,16.9
3547,2025-08-29,Dairy,Individual,25.6
3548,2025-05-30,Beverages,Community Drive,39.4
3549,2025-05-06,Bakery,Individual,37.8
3550,2025-04-19,Fresh produce,Corporate Gift,9.7
3551,2025-04-14,Frozen,Local Farm,34.1
3552,2025-08-17,Dry goods,Individual,8.6
3553,2025-07-29,Fresh produce,Individual,33.4
3554,2025-07-11,Dry goods,Supermarket Co,35.0
3555,2025-03-11,Frozen,Corporate Gift,5.7
3556,2025-05-26,Beverages,Community Drive,2.6
3557,2025-07-31,Frozen,Community Drive,44.5
3558,2025-05-21,Bakery,Local Farm,49.6
3559,2025-09-01,Fresh produce,Corporate Gift,31.1
3560,2025-06-12,Fresh produce,Corporate Gift,20.6
3561,2025-05-11,Canned goods,Corporate Gift,14.0
3562,2025-04-26,Dry goods,Community Drive,40.6
3563,2025-08-12,Dry goods,Local Farm,18.1
3564,2025-05-28,Dry goods,Individual,43.4
3565,2025-05-16,Dry goods,Individual,46.5
3566,2025-05-22,Canned goods,Corporate Gift,21.8
3567,2025-08-13,Fresh produce,Community Drive,10.9
3568,2025-08-15,Fresh produce,Individual,32.9
3569,2025-04-20,Bakery,Community Drive,42.1
3570,2025-07-28,Canned goods,Corporate Gift,20.2
3571,2025-01-21,Bakery,Community Drive,19.2
3572,2025-05-09,Fresh produce,Corporate Gift,43.8
3573,2025-01-23,Canned goods,Local Farm,23.8
3574,2025-06-11,Bakery,Individual,2.4
3575,2025-08-24,Fresh produce,Local Farm,16.6
3576,2025-02-21,Frozen,Corporate Gift,40.8
3577,2025-05-06,Dairy,Local Farm,12.9
3578,2025-08-06,Dry goods,Local Farm,19.2
3579,2025-01-31,Canned goods,Local Farm,6.7
3580,2025-07-15,Bakery,Community Drive,31.8
3581,2025-05-12,Dry goods,Local Farm,6.4
3582,2025-02-16,Dairy,Individual,10.4
3583,2025-09-06,Beverages,Community Drive,32.6
3584,2025-07-12,Dairy,Community Drive,6.8
3585,2025-07-29,Frozen,Corporate Gift,13.2
3586,2025-06-06,Fresh produce,Supermarket Co,2.7
3587,2025-07-25,Fresh produce,Corporate Gift,7.7
3588,2025-06-06,Dry goods,Corporate Gift,38.6
3589,2025-01-16,Dairy,Supermarket Co,9.6
3590,2025-03-26,Frozen,Individual,45.5
3591,2025-08-26,Dairy,Community Drive,22.2
3592,2025-02-20,Dry goods,Local Farm,35.9
3593,2025-05-20,Beverages,Corporate Gift,13.0
3594,2025-07-21,Fresh produce,Corporate Gift,15.7
3595,2025-03-21,Frozen,Community Drive,44.9
3596,2025-08-16,Bakery,Individual,40.8
3597,2025-03-08,Dairy,Local Farm,48.5
3598,2025-05-12,Fresh produce,Individual,26.2
3599,2025-05-12,Canned goods,Community Drive,32.9
3600,2025-02-23,Beverages,Corporate Gift,32.7
3601,2025-05-26,Canned goods,Supermarket Co,10.5
3602,2025-02-23,Dry goods,Community Drive,26.1
3603,2025-07-06,Beverages,Community Drive,3.5
3604,2025-01-03,Bakery,Community Drive,48.7
3605,2025-05-12,Bakery,Corporate Gift,46.0
3606,2025-03-30,Frozen,Supermarket Co,9.1
3607,2025-06-26,Frozen,Supermarket Co,41.5
3608,2025-09-05,Frozen,Individual,37.8
3609,2025-06-18,Frozen,Corporate Gift,26.2
3610,2025-01-24,Beverages,Corporate Gift,2.7
3611,2025-06-08,Beverages,Individual,20.4
3612,2025-06-14,Frozen,Local Farm,44.6
3613,2025-05-25,Fresh produce,Corporate Gift,22.9
3614,2025-07-08,Canned goods,Corporate Gift,38.3
3615,2025-03-26,Frozen,Community Drive,33.2
3616,2025-03-27,Fresh produce,Community Drive,41.1
3617,2025-01-30,Beverages,Corporate Gift,18.2
3618,2025-08-05,Dry goods,Individual,19.9
3619,2025-02-28,Dairy,Supermarket Co,13.4
3620,2025-01-06,Canned goods,Individual,43.7
3621,2025-07-27,Canned goods,Community Drive,38.5
3622,2025-04-05,Canned goods,Local Farm,49.5
3623,2025-09-04,Dry goods,Corporate Gift,18.6
3624,2025-01-28,Canned goods,Supermarket Co,34.0
3625,2025-03-05,Dairy,Local Farm,14.1
3626,2025-02-03,Dairy,Individual,25.9
3627,2025-08-19,Dry goods,Individual,35.9
3628,2025-02-18,Canned goods,Supermarket Co,25.1
3629,2025-01-10,Dairy,Corporate Gift,19.8
3630,2025-05-06,Dairy,Individual,7.3
3631,2025-08-24,Dry goods,Corporate Gift,15.0
3632,2025-05-13,Canned goods,Corporate Gift,46.0
3633,2025-03-25,Beverages,Community Drive,35.7
3634,2025-03-28,Beverages,Corporate Gift,38.1
3635,2025-05-05,Frozen,Individual,15.3
3636,2025-02-06,Bakery,Individual,16.5
3637,2025-06-22,Beverages,Supermarket Co,1.8
3638,2025-07-06,Dry goods,Individual,3.9
3639,2025-03-27,Dairy,Community Drive,44.1
3640,2025-01-20,Beverages,Community Drive,28.2
3641,2025-03-26,Dairy,Community Drive,23.0
3642,2025-01-19,Canned goods,Individual,42.6
3643,2025-06-19,Canned goods,Individual,1.2
3644,2025-04-17,Canned goods,Community Drive,13.2
3645,2025-01-08,Canned goods,Supermarket Co,11.5
3646,2025-09-01,Canned goods,Corporate Gift,42.3
3647,2025-03-25,Bakery,Local Farm,36.8
3648,2025-07-24,Bakery,Local Farm,22.8
3649,2025-04-07,Dairy,Local Farm,21.2
3650,2025-04-05,Frozen,Corporate Gift,2.0
3651,2025-08-28,Dry goods,Community Drive,27.6
3652,2025-08-17,Fresh produce,Local Farm,18.0
3653,2025-08-25,Beverages,Corporate Gift,49.0
3654,2025-08-27,Beverages,Individual,22.2
3655,2025-04-19,Dry goods,Corporate Gift,34.4
3656,2025-05-10,Canned goods,Local Farm,46.0
3657,2025-07-18,Dairy,Community Drive,43.4
3658,2025-05-21,Frozen,Local Farm,13.6
3659,2025-07-29,Canned goods,Individual,47.6
3660,2025-08-10,Canned goods,Corporate Gift,31.0
3661,2025-04-04,Beverages,Corporate Gift,41.0
3662,2025-09-05,Frozen,Corporate Gift,10.3
3663,2025-02-10,Dairy,Corporate Gift,33.4
3664,2025-04-24,Dry goods,Community Drive,35.9
3665,2025-05-15,Frozen,Supermarket Co,5.1
3666,2025-04-20,Frozen,Supermarket Co,38.9
3667,2025-08-29,Canned goods,Community Drive,24.3
3668,2025-07-06,Frozen,Individual,11.1
3669,2025-02-26,Fresh produce,Community Drive,20.6
3670,2025-08-20,Dry goods,Corporate Gift,29.8
3671,2025-04-24,Frozen,Supermarket Co,17.3
3672,2025-06-15,Canned goods,Corporate Gift,15.9
3673,2025-02-03,Fresh produce,Individual,30.1
3674,2025-02-19,Bakery,Individual,6.7
3675,2025-02-15,Dairy,Community Drive,19.2
3676,2025-08-16,Frozen,Individual,27.6
3677,2025-03-16,Frozen,Local Farm,31.6
3678,2025-08-25,Dairy,Community Drive,32.1
3679,2025-05-15,Beverages,Local Farm,5.6
3680,2025-08-20,Fresh produce,Corporate Gift,12.0
3681,2025-04-15,Frozen,Local Farm,31.5
3682,2025-07-23,Fresh produce,Corporate Gift,37.0
3683,2025-05-10,Canned goods,Community Drive,40.9
3684,2025-03-06,Bakery,Community Drive,1.4
3685,2025-01-15,Dry goods,Community Drive,19.3
3686,2025-01-12,Beverages,Supermarket Co,37.5
3687,2025-01-15,Frozen,Corporate Gift,48.7
3688,2025-02-26,Dairy,Corporate Gift,43.6
3689,2025-03-02,Bakery,Local Farm,37.1
3690,2025-04-10,Canned goods,Corporate Gift,48.8
3691,2025-05-15,Fresh produce,Local Farm,34.1
3692,2025-07-10,Bakery,Local Farm,48.4
3693,2025-06-16,Canned goods,Local Farm,1.3
3694,2025-06-04,Canned goods,Supermarket Co,4.9
3695,2025-08-10,Frozen,Local Farm,25.1
3696,2025-06-20,Dairy,Local Farm,31.8
3697,2025-03-17,Bakery,Local Farm,21.1
3698,2025-08-29,Dairy,Individual,18.7
3699,2025-03-11,Dry goods,Individual,2.6
3700,2025-08-13,Fresh produce,Community Drive,27.5
3701,2025-05-09,Dairy,Corporate Gift,48.8
3702,2025-05-03,Canned goods,Corporate Gift,25.6
3703,2025-01-03,Bakery,Corporate Gift,47.4
3704,2025-04-15,Fresh produce,Local Farm,5.6
3705,2025-04-02,Bakery,Community Drive,16.9
3706,2025-05-17,Dairy,Individual,3.1
3707,2025-02-07,Bakery,Community Drive,37.7
3708,2025-05-14,Dry goods,Community Drive,45.7
3709,2025-03-07,Dry goods,Individual,22.8
3710,2025-08-12,Beverages,Community Drive,49.0
3711,2025-08-31,Fresh produce,Supermarket Co,1.1
3712,2025-01-09,Canned goods,Supermarket Co,14.9
3713,2025-04-04,Frozen,Individual,23.3
3714,2025-08-21,Fresh produce,Community Drive,21.6
3715,2025-09-01,Dairy,Individual,47.1
3716,2025-02-02,Fresh produce,Community Drive,30.8
3717,2025-05-16,Bakery,Local Farm,47.4
3718,2025-05-28,Beverages,Supermarket Co,48.8
3719,2025-04-13,Beverages,Community Drive,43.0
3720,2025-07-06,Dairy,Corporate Gift,27.0
3721,2025-04-07,Beverages,Individual,41.5
3722,2025-06-28,Bakery,Supermarket Co,31.8
3723,2025-03-29,Dairy,Individual,21.8
3724,2025-06-24,Dairy,Local Farm,38.1
3725,2025-06-26,Dairy,Community Drive,32.8
3726,2025-03-31,Dairy,Community Drive,19.3
3727,2025-05-03,Frozen,Supermarket Co,41.4
3728,2025-03-15,Bakery,Individual,44.2
3729,2025-05-15,Frozen,Community Drive,33.8
3730,2025-08-02,Canned goods,Community Drive,26.1
3731,2025-04-16,Fresh produce,Supermarket Co,30.2
3732,2025-04-04,Canned goods,Local Farm,11.8
3733,2025-04-13,Bakery,Supermarket Co,32.4
3734,2025-05-06,Fresh produce,Corporate Gift,22.4
3735,2025-02-14,Fresh produce,Corporate Gift,39.2
3736,2025-01-05,Bakery,Individual,13.7
3737,2025-09-05,Beverages,Local Farm,2.5
3738,2025-03-08,Fresh produce,Community Drive,12.4
3739,2025-07-09,Canned goods,Individual,34.0
3740,2025-05-25,Bakery,Local Farm,9.9
3741,2025-03-14,Frozen,Local Farm,49.3
3742,2025-09-04,Beverages,Individual,44.0
3743,2025-02-17,Beverages,Local Farm,1.9
3744,2025-02-26,Beverages,Community Drive,39.0
3745,2025-06-07,Dry goods,Individual,16.8
3746,2025-05-01,Bakery,Local Farm,48.6
3747,2025-05-18,Beverages,Corporate Gift,7.3
3748,2025-01-04,Beverages,Supermarket Co,29.5
3749,2025-06-22,Canned goods,Community Drive,39.1
3750,2025-01-08,Dairy,Local Farm,46.8
3751,2025-02-25,Dairy,Community Drive,40.7
3752,2025-04-21,Frozen,Supermarket Co,23.2
3753,2025-01-27,Frozen,Individual,48.9
3754,2025-07-27,Dairy,Corporate Gift,9.8
3755,2025-07-29,Fresh produce,Community Drive,3.2
3756,2025-02-17,Dry goods,Individual,23.3
3757,2025-07-15,Fresh produce,Supermarket Co,20.2
3758,2025-01-16,Fresh produce,Supermarket Co,29.8
3759,2025-06-05,Dry goods,Individual,7.1
3760,2025-04-20,Bakery,Corporate Gift,41.5
3761,2025-08-12,Bakery,Community Drive,7.9
3762,2025-05-10,Frozen,Corporate Gift,49.3
3763,2025-05-22,Bakery,Individual,25.8
3764,2025-04-30,Beverages,Corporate Gift,37.3
3765,2025-05-28,Canned goods,Community Drive,43.4
3766,2025-08-08,Beverages,Corporate Gift,45.2
3767,2025-07-29,Frozen,Corporate Gift,15.3
3768,2025-05-23,Bakery,Community Drive,23.8
3769,2025-02-20,Fresh produce,Local Farm,39.0
3770,2025-08-09,Dry goods,Supermarket Co,19.7
3771,2025-03-06,Bakery,Individual,29.2
3772,2025-08-19,Dry goods,Corporate Gift,19.4
3773,2025-04-01,Dairy,Local Farm,40.7
3774,2025-04-17,Dry goods,Supermarket Co,3.1
3775,2025-02-11,Bakery,Community Drive,21.1
3776,2025-03-01,Beverages,Community Drive,1.3
3777,2025-03-30,Frozen,Corporate Gift,30.2
3778,2025-04-08,Dry goods,Supermarket Co,39.6
3779,2025-07-13,Fresh produce,Individual,6.4
3780,2025-04-13,Fresh produce,Community Drive,34.7
3781,2025-05-11,Canned goods,Local Farm,4.6
3782,2025-01-07,Dairy,Local Farm,16.6
3783,2025-06-12,Beverages,Individual,46.3
3784,2025-05-01,Frozen,Supermarket Co,37.6
3785,2025-06-14,Bakery,Supermarket Co,29.9
3786,2025-08-16,Canned goods,Community Drive,40.9
3787,2025-06-14,Frozen,Local Farm,42.4
3788,2025-06-19,Canned goods,Supermarket Co,19.3
3789,2025-08-04,Canned goods,Community Drive,23.4
3790,2025-02-15,Frozen,Community Drive,47.9
3791,2025-08-17,Dairy,Community Drive,26.4
3792,2025-03-29,Dairy,Corporate Gift,34.7
3793,2025-06-29,Frozen,Local Farm,32.5
3794,2025-03-20,Canned goods,Community Drive,16.0
3795,2025-01-31,Beverages,Supermarket Co,34.8
3796,2025-01-31,Frozen,Supermarket Co,30.9
3797,2025-02-02,Dairy,Individual,44.0
3798,2025-07-30,Dry goods,Individual,46.1
3799,2025-07-08,Dairy,Corporate Gift,15.3
3800,2025-05-25,Frozen,Local Farm,14.9
3801,2025-07-05,Fresh produce,Local Farm,18.5
3802,2025-01-04,Bakery,Supermarket Co,39.7
3803,2025-01-28,Canned goods,Individual,31.5
3804,2025-07-25,Dairy,Supermarket Co,12.0
3805,2025-07-23,Dairy,Local Farm,6.0
3806,2025-08-24,Beverages,Individual,19.6
3807,2025-08-01,Beverages,Individual,16.2
3808,2025-04-08,Beverages,Community Drive,14.1
3809,2025-05-14,Bakery,Corporate Gift,7.4
3810,2025-03-06,Fresh produce,Local Farm,2.6
3811,2025-08-29,Frozen,Corporate Gift,26.5
3812,2025-05-24,Beverages,Community Drive,33.0
3813,2025-04-28,Fresh produce,Supermarket Co,9.7
3814,2025-04-09,Canned goods,Individual,33.9
3815,2025-04-09,Fresh produce,Community Drive,43.3
3816,2025-01-18,Frozen,Individual,40.4
3817,2025-01-15,Canned goods,Supermarket Co,13.1
3818,2025-06-21,Dairy,Supermarket Co,39.6
3819,2025-07-11,Dry goods,Supermarket Co,47.9
3820,2025-09-04,Beverages,Community Drive,23.9
3821,2025-01-30,Dry goods,Corporate Gift,38.3
3822,2025-03-06,Fresh produce,Supermarket Co,48.7
3823,2025-03-04,Beverages,Corporate Gift,37.0
3824,2025-03-29,Frozen,Community Drive,33.6
3825,2025-06-22,Frozen,Local Farm,3.7
3826,2025-08-23,Bakery,Individual,46.8
3827,2025-03-06,Beverages,Individual,48.8
3828,2025-02-17,Beverages,Local Farm,39.1
3829,2025-02-12,Dairy,Supermarket Co,25.5
3830,2025-01-18,Beverages,Community Drive,26.5
3831,2025-06-17,Canned goods,Local Farm,34.9
3832,2025-07-09,Dry goods,Local Farm,31.6
3833,2025-03-02,Dry goods,Supermarket Co,49.4
3834,2025-09-06,Beverages,Community Drive,35.2
3835,2025-03-29,Bakery,Local Farm,7.6
3836,2025-03-27,Frozen,Individual,8.5
3837,2025-08-07,Dairy,Corporate Gift,48.0
3838,2025-04-23,Frozen,Individual,22.5
3839,2025-04-25,Fresh produce,Community Drive,12.0
3840,2025-05-08,Fresh produce,Individual,22.8
3841,2025-09-04,Fresh produce,Community Drive,12.4
3842,2025-01-21,Canned goods,Local Farm,9.5
3843,2025-07-09,Canned goods,Community Drive,9.7
3844,2025-08-24,Dairy,Individual,41.7
3845,2025-06-15,Frozen,Supermarket Co,43.3
3846,2025-08-18,Fresh produce,Local Farm,41.2
3847,2025-04-24,Dry goods,Supermarket Co,19.9
3848,2025-08-07,Dairy,Corporate Gift,39.0
3849,2025-08-08,Frozen,Individual,24.6
3850,2025-03-09,Beverages,Corporate Gift,47.0
3851,2025-03-24,Bakery,Local Farm,9.0
3852,2025-04-01,Canned goods,Community Drive,17.3
3853,2025-05-17,Dairy,Supermarket Co,2.9
3854,2025-06-30,Dairy,Community Drive,41.0
3855,2025-05-06,Frozen,Corporate Gift,37.4
3856,2025-08-16,Bakery,Community Drive,21.9
3857,2025-03-08,Bakery,Local Farm,43.6
3858,2025-07-29,Dry goods,Local Farm,31.5
3859,2025-08-13,Dry goods,Individual,36.9
3860,2025-07-26,Bakery,Corporate Gift,42.0
3861,2025-01-13,Bakery,Local Farm,23.8
3862,2025-06-27,Canned goods,Individual,3.7
3863,2025-08-30,Beverages,Supermarket Co,45.7
3864,2025-05-24,Frozen,Local Farm,18.5
3865,2025-05-27,Fresh produce,Community Drive,45.1
3866,2025-03-03,Dry goods,Community Drive,47.0
3867,2025-03-10,Beverages,Corporate Gift,32.2
3868,2025-02-14,Beverages,Community Drive,25.6
3869,2025-01-16,Dairy,Supermarket Co,1.0
3870,2025-05-20,Frozen,Corporate Gift,17.0
3871,2025-08-22,Dairy,Community Drive,16.7
3872,2025-09-01,Dairy,Local Farm,47.4
3873,2025-01-14,Dry goods,Local Farm,26.0
3874,2025-08-22,Fresh produce,Local Farm,38.1
3875,2025-01-06,Fresh produce,Individual,23.4
3876,2025-06-01,Canned goods,Local Farm,11.9
3877,2025-06-04,Fresh produce,Community Drive,44.5
3878,2025-01-06,Canned goods,Corporate Gift,2.1
3879,2025-02-25,Dairy,Local Farm,34.2
3880,2025-04-13,Dairy,Corporate Gift,33.8
3881,2025-08-18,Fresh produce,Community Drive,17.3
3882,2025-05-02,Fresh produce,Individual,35.0
3883,2025-05-01,Bakery,Individual,22.7
3884,2025-05-11,Fresh produce,Supermarket Co,30.7
3885,2025-07-06,Canned goods,Local Farm,22.4
3886,2025-04-07,Fresh produce,Corporate Gift,9.7
3887,2025-07-14,Bakery,Individual,27.7
3888,2025-03-27,Dairy,Individual,42.2
3889,2025-07-19,Dry goods,Corporate Gift,31.4
3890,2025-02-27,Dairy,Local Farm,49.9
3891,2025-04-30,Frozen,Community Drive,31.6
3892,2025-02-25,Beverages,Local Farm,43.4
3893,2025-05-06,Fresh produce,Supermarket Co,30.3
3894,2025-08-06,Frozen,Community Drive,5.0
3895,2025-07-16,Fresh produce,Corporate Gift,27.8
3896,2025-08-19,Dry goods,Community Drive,47.4
3897,2025-07-31,Canned goods,Community Drive,21.9
3898,2025-01-23,Beverages,Community Drive,19.2
3899,2025-05-28,Bakery,Supermarket Co,9.1
3900,2025-04-19,Beverages,Local Farm,22.0
3901,2025-07-31,Bakery,Local Farm,23.4
3902,2025-06-05,Bakery,Individual,8.8
3903,2025-08-08,Fresh produce,Individual,8.9
3904,2025-06-06,Fresh produce,Community Drive,34.5
3905,2025-01-05,Dry goods,Individual,35.5
3906,2025-04-02,Dairy,Supermarket Co,2.1
3907,2025-02-25,Fresh produce,Local Farm,42.2
3908,2025-04-20,Dry goods,Corporate Gift,20.3
3909,2025-06-07,Dairy,Local Farm,21.6
3910,2025-08-13,Dairy,Local Farm,35.4
3911,2025-08-24,Dry goods,Individual,2.3
3912,2025-04-17,Frozen,Local Farm,34.6
3913,2025-02-04,Canned goods,Community Drive,4.5
3914,2025-06-03,Beverages,Supermarket Co,3.7
3915,2025-01-30,Bakery,Local Farm,22.0
3916,2025-05-30,Canned goods,Individual,18.0
3917,2025-01-31,Frozen,Supermarket Co,36.9
3918,2025-04-08,Canned goods,Individual,34.3
3919,2025-01-05,Beverages,Corporate Gift,9.5
3920,2025-07-20,Beverages,Local Farm,8.1
3921,2025-02-16,Bakery,Corporate Gift,29.2
3922,2025-08-27,Dairy,Supermarket Co,18.1
3923,2025-02-02,Beverages,Supermarket Co,24.4
3924,2025-08-08,Dry goods,Local Farm,10.9
3925,2025-01-31,Dry goods,Corporate Gift,24.3
3926,2025-04-30,Dairy,Individual,25.5
3927,2025-04-14,Dry goods,Corporate Gift,32.8
3928,2025-07-01,Beverages,Corporate Gift,27.8
3929,2025-05-14,Bakery,Supermarket Co,9.6
3930,2025-09-07,Beverages,Corporate Gift,35.1
3931,2025-06-09,Dry goods,Local Farm,8.6
3932,2025-07-27,Frozen,Community Drive,5.2
3933,2025-02-15,Dry goods,Local Farm,10.8
3934,2025-07-26,Canned goods,Supermarket Co,45.9
3935,2025-08-30,Frozen,Supermarket Co,20.6
3936,2025-04-29,Dry goods,Local Farm,8.2
3937,2025-08-20,Frozen,Community Drive,14.6
3938,2025-08-15,Bakery,Supermarket Co,11.4
3939,2025-03-23,Fresh produce,Community Drive,44.4
3940,2025-01-08,Fresh produce,Community Drive,30.5
3941,2025-06-27,Canned goods,Local Farm,27.7
3942,2025-04-29,Frozen,Corporate Gift,17.5
3943,2025-03-26,Bakery,Individual,28.5
3944,2025-04-03,Dry goods,Community Drive,31.1
3945,2025-03-20,Dry goods,Community Drive,38.3
3946,2025-06-15,Dairy,Local Farm,17.9
3947,2025-06-30,Dry goods,Corporate Gift,20.7
3948,2025-06-10,Dry goods,Local Farm,39.8
3949,2025-05-22,Beverages,Individual,4.7
3950,2025-01-04,Dairy,Corporate Gift,27.0
3951,2025-05-19,Bakery,Supermarket Co,46.2
3952,2025-07-16,Fresh produce,Corporate Gift,8.9
3953,2025-05-06,Canned goods,Individual,8.0
3954,2025-02-13,Canned goods,Community Drive,1.8
3955,2025-01-25,Dry goods,Individual,23.1
3956,2025-07-11,Dairy,Local Farm,19.8
3957,2025-04-12,Fresh produce,Local Farm,36.8
3958,2025-08-15,Fresh produce,Supermarket Co,39.1
3959,2025-04-10,Dry goods,Community Drive,9.5
3960,2025-03-09,Dry goods,Corporate Gift,47.8
3961,2025-07-26,Dairy,Individual,23.5
3962,2025-07-09,Dairy,Community Drive,10.4
3963,2025-07-11,Frozen,Supermarket Co,31.9
3964,2025-07-03,Dairy,Community Drive,49.4
3965,2025-08-04,Beverages,Supermarket Co,42.0
3966,2025-04-09,Fresh produce,Corporate Gift,10.6
3967,2025-03-13,Canned goods,Individual,9.4
3968,2025-02-20,Fresh produce,Individual,49.8
3969,2025-08-09,Bakery,Corporate Gift,14.3
3970,2025-04-03,Fresh produce,Individual,4.0
3971,2025-07-05,Bakery,Individual,22.9
3972,2025-05-24,Dry goods,Local Farm,14.3
3973,2025-02-16,Dairy,Supermarket Co,12.1
3974,2025-04-27,Frozen,Corporate Gift,45.4
3975,2025-07-02,Canned goods,Local Farm,49.9
3976,2025-04-06,Frozen,Local Farm,1.6
3977,2025-07-24,Bakery,Supermarket Co,35.0
3978,2025-08-05,Dry goods,Corporate Gift,9.9
3979,2025-08-11,Fresh produce,Corporate Gift,21.3
3980,2025-01-15,Bakery,Individual,14.7
3981,2025-01-02,Frozen,Community Drive,41.2
3982,2025-08-12,Fresh produce,Individual,1.8
3983,2025-04-16,Dry goods,Community Drive,26.4
3984,2025-02-26,Bakery,Local Farm,3.8
3985,2025-02-27,Dairy,Local Farm,7.8
3986,2025-05-30,Canned goods,Local Farm,49.7
3987,2025-06-15,Dry goods,Corporate Gift,21.8
3988,2025-04-16,Dairy,Community Drive,1.2
3989,2025-06-17,Fresh produce,Community Drive,46.8
3990,2025-08-05,Fresh produce,Individual,24.1
3991,2025-05-22,Dry goods,Supermarket Co,40.9
3992,2025-01-12,Dairy,Individual,14.1
3993,2025-01-12,Frozen,Individual,35.8
3994,2025-02-25,Frozen,Community Drive,1.6
3995,2025-01-02,Dry goods,Corporate Gift,36.3
3996,2025-04-26,Dry goods,Individual,33.0
3997,2025-07-14,Frozen,Corporate Gift,11.6
3998,2025-03-06,Dairy,Supermarket Co,17.1
3999,2025-07-31,Beverages,Supermarket Co,11.1
4000,2025-05-06,Dry goods,Individual,25.5
4001,2025-02-14,Dairy,Local Farm,12.6
4002,2025-06-26,Beverages,Supermarket Co,22.8
4003,2025-06-29,Fresh produce,Community Drive,10.9
4004,2025-07-18,Fresh produce,Corporate Gift,41.1
4005,2025-03-08,Fresh produce,Supermarket Co,47.9
4006,2025-06-05,Dairy,Individual,2.3
4007,2025-03-08,Dairy,Supermarket Co,49.8
4008,2025-03-11,Beverages,Supermarket Co,27.2
4009,2025-01-02,Frozen,Community Drive,23.2
4010,2025-04-13,Fresh produce,Supermarket Co,2.4
4011,2025-07-25,Canned goods,Local Farm,30.0
4012,2025-04-28,Beverages,Community Drive,26.3
4013,2025-07-03,Beverages,Local Farm,31.8
4014,2025-02-05,Beverages,Community Drive,43.2
4015,2025-06-18,Frozen,Individual,28.5
4016,2025-03-03,Fresh produce,Local Farm,14.3
4017,2025-04-27,Canned goods,Community Drive,48.0
4018,2025-03-12,Fresh produce,Individual,31.3
4019,2025-06-19,Beverages,Local Farm,44.8
4020,2025-07-10,Canned goods,Community Drive,25.4
4021,2025-02-16,Beverages,Community Drive,40.1
4022,2025-08-14,Bakery,Supermarket Co,40.0
4023,2025-04-27,Bakery,Corporate Gift,6.5
4024,2025-05-10,Bakery,Individual,47.5
4025,2025-02-03,Fresh produce,Individual,7.3
4026,2025-07-11,Beverages,Local Farm,9.1
4027,2025-05-24,Beverages,Supermarket Co,18.2
4028,2025-04-03,Fresh produce,Local Farm,18.2
4029,2025-05-24,Frozen,Supermarket Co,40.7
4030,2025-08-11,Beverages,Corporate Gift,9.0
4031,2025-07-01,Dry goods,Supermarket Co,6.5
4032,2025-03-17,Frozen,Community Drive,42.8
4033,2025-05-05,Beverages,Corporate Gift,37.3
4034,2025-03-11,Dry goods,Supermarket Co,22.6
4035,2025-02-12,Dairy,Corporate Gift,34.6
4036,2025-09-01,Fresh produce,Individual,28.4
4037,2025-07-03,Fresh produce,Corporate Gift,41.6
4038,2025-02-22,Frozen,Supermarket Co,39.5
4039,2025-05-06,Canned goods,Supermarket Co,8.4
4040,2025-07-06,Dry goods,Supermarket Co,23.1
4041,2025-03-13,Frozen,Supermarket Co,49.8
4042,2025-03-28,Dry goods,Corporate Gift,13.8
4043,2025-04-22,Bakery,Individual,33.1
4044,2025-08-27,Frozen,Supermarket Co,40.3
4045,2025-08-13,Fresh produce,Corporate Gift,34.0
4046,2025-01-18,Canned goods,Individual,30.8
4047,2025-08-25,Dry goods,Individual,28.0
4048,2025-03-14,Frozen,Corporate Gift,43.5
4049,2025-07-15,Bakery,Individual,34.5
4050,2025-04-27,Dairy,Local Farm,21.4
4051,2025-08-04,Bakery,Individual,33.9
4052,2025-03-10,Dry goods,Individual,20.1
4053,2025-06-11,Fresh produce,Corporate Gift,43.3
4054,2025-02-22,Canned goods,Individual,31.9
4055,2025-07-25,Canned goods,Supermarket Co,2.2
4056,2025-06-16,Dairy,Corporate Gift,36.7
4057,2025-05-10,Canned goods,Individual,29.5
4058,2025-03-27,Bakery,Individual,20.1
4059,2025-01-18,Dairy,Corporate Gift,39.5
4060,2025-08-09,Bakery,Local Farm,25.9
4061,2025-08-05,Beverages,Local Farm,36.9
4062,2025-02-23,Dairy,Supermarket Co,30.6
4063,2025-02-22,Beverages,Individual,1.8
4064,2025-01-14,Dairy,Community Drive,5.6
4065,2025-04-20,Dry goods,Supermarket Co,16.8
4066,2025-03-08,Dairy,Supermarket Co,36.1
4067,2025-03-22,Dairy,Local Farm,25.0
4068,2025-05-13,Dairy,Community Drive,30.1
4069,2025-05-25,Bakery,Corporate Gift,31.7
4070,2025-04-06,Beverages,Community Drive,38.4
4071,2025-07-20,Canned goods,Supermarket Co,38.0
4072,2025-04-04,Beverages,Local Farm,16.3
4073,2025-02-26,Dairy,Corporate Gift,29.0
4074,2025-03-10,Bakery,Local Farm,31.2
4075,2025-02-16,Bakery,Local Farm,17.1
4076,2025-05-20,Fresh produce,Local Farm,46.4
4077,2025-06-28,Beverages,Community Drive,12.5
4078,2025-01-05,Bakery,Community Drive,8.8
4079,2025-03-09,Dairy,Local Farm,9.0
4080,2025-07-19,Fresh produce,Individual,48.0
4081,2025-01-28,Dairy,Corporate Gift,11.2
4082,2025-08-24,Dry goods,Individual,46.1
4083,2025-05-07,Dairy,Local Farm,4.1
4084,2025-02-28,Bakery,Supermarket Co,7.1
4085,2025-04-01,Frozen,Local Farm,47.8
4086,2025-02-23,Dairy,Local Farm,15.8
4087,2025-02-04,Dairy,Individual,13.4
4088,2025-08-15,Canned goods,Local Farm,28.8
4089,2025-02-19,Canned goods,Corporate Gift,45.6
4090,2025-04-13,Fresh produce,Local Farm,13.1
4091,2025-05-22,Beverages,Supermarket Co,35.6
4092,2025-04-27,Dry goods,Corporate Gift,20.4
4093,2025-03-31,Beverages,Corporate Gift,41.6
4094,2025-07-27,Bakery,Community Drive,31.3
4095,2025-07-03,Beverages,Individual,24.4
4096,2025-05-11,Canned goods,Supermarket Co,3.5
4097,2025-03-13,Dairy,Local Farm,3.3
4098,2025-03-09,Beverages,Supermarket Co,31.3
4099,2025-03-26,Dairy,Community Drive,39.4
4100,2025-01-08,Frozen,Individual,45.4
4101,2025-04-11,Canned goods,Supermarket Co,28.1
4102,2025-03-04,Beverages,Supermarket Co,19.2
4103,2025-05-28,Beverages,Supermarket Co,44.2
4104,2025-02-05,Bakery,Community Drive,27.2
4105,2025-02-09,Canned goods,Individual,17.8
4106,2025-06-25,Frozen,Individual,29.1
4107,2025-08-15,Canned goods,Corporate Gift,2.9
4108,2025-04-14,Frozen,Local Farm,37.4
4109,2025-03-28,Canned goods,Supermarket Co,29.0
4110,2025-01-02,Frozen,Supermarket Co,47.4
4111,2025-01-25,Beverages,Supermarket Co,19.6
4112,2025-01-10,Dry goods,Corporate Gift,34.8
4113,2025-04-27,Dry goods,Supermarket Co,26.1
4114,2025-07-01,Bakery,Community Drive,31.3
4115,2025-08-29,Dairy,Supermarket Co,26.0
4116,2025-04-14,Frozen,Local Farm,16.2
4117,2025-05-18,Beverages,Individual,18.4
4118,2025-04-25,Dairy,Individual,23.3
4119,2025-02-10,Dairy,Individual,26.3
4120,2025-01-01,Dairy,Corporate Gift,44.1
4121,2025-05-31,Beverages,Corporate Gift,30.8
4122,2025-07-31,Dry goods,Community Drive,44.8
4123,2025-04-18,Dry goods,Local Farm,35.9
4124,2025-03-04,Beverages,Corporate Gift,49.6
4125,2025-04-25,Fresh produce,Local Farm,35.0
4126,2025-05-05,Frozen,Local Farm,9.9
4127,2025-03-23,Dairy,Local Farm,47.0
4128,2025-05-21,Beverages,Corporate Gift,9.6
4129,2025-09-04,Fresh produce,Individual,32.1
4130,2025-08-16,Frozen,Corporate Gift,8.2
4131,2025-01-11,Dairy,Supermarket Co,27.5
4132,2025-02-12,Bakery,Community Drive,41.4
4133,2025-03-09,Beverages,Supermarket Co,29.0
4134,2025-05-01,Fresh produce,Individual,1.0
4135,2025-01-16,Bakery,Individual,47.0
4136,2025-07-31,Frozen,Individual,38.0
4137,2025-06-15,Dairy,Community Drive,11.0
4138,2025-03-16,Beverages,Community Drive,33.6
4139,2025-08-09,Canned goods,Supermarket Co,43.9
4140,2025-03-21,Bakery,Corporate Gift,38.0
4141,2025-04-21,Beverages,Community Drive,39.4
4142,2025-09-01,Dry goods,Supermarket Co,15.3
4143,2025-09-04,Dairy,Community Drive,6.5
4144,2025-01-25,Dry goods,Supermarket Co,6.0
4145,2025-06-23,Dry goods,Community Drive,48.0
4146,2025-04-05,Bakery,Local Farm,1.3
4147,2025-07-14,Canned goods,Community Drive,1.6
4148,2025-05-17,Beverages,Local Farm,42.4
4149,2025-01-29,Beverages,Corporate Gift,4.0
4150,2025-05-27,Beverages,Individual,31.0
4151,2025-06-17,Dairy,Community Drive,4.5
4152,2025-03-30,Dry goods,Supermarket Co,19.5
4153,2025-03-29,Dairy,Individual,10.1
4154,2025-05-10,Dairy,Individual,35.9
4155,2025-07-11,Canned goods,Community Drive,13.9
4156,2025-06-27,Dairy,Supermarket Co,28.5
4157,2025-08-12,Canned goods,Individual,45.8
4158,2025-04-14,Frozen,Corporate Gift,26.3
4159,2025-08-23,Beverages,Corporate Gift,27.1
4160,2025-07-27,Beverages,Individual,16.1
4161,2025-06-27,Bakery,Individual,37.1
4162,2025-04-19,Bakery,Supermarket Co,20.6
4163,2025-09-03,Dry goods,Corporate Gift,44.3
4164,2025-05-28,Dry goods,Local Farm,42.7
4165,2025-04-18,Fresh produce,Local Farm,31.4
4166,2025-02-25,Frozen,Supermarket Co,37.3
4167,2025-04-25,Fresh produce,Local Farm,12.9
4168,2025-08-17,Canned goods,Community Drive,32.6
4169,2025-08-27,Bakery,Community Drive,2.8
4170,2025-08-03,Fresh produce,Corporate Gift,30.9
4171,2025-03-28,Canned goods,Corporate Gift,31.0
4172,2025-03-18,Bakery,Community Drive,21.7
4173,2025-06-22,Fresh produce,Local Farm,13.0
4174,2025-04-17,Beverages,Local Farm,6.5
4175,2025-07-21,Dry goods,Supermarket Co,3.5
4176,2025-08-09,Bakery,Corporate Gift,31.3
4177,2025-04-17,Beverages,Community Drive,9.8
4178,2025-05-01,Frozen,Supermarket Co,4.5
4179,2025-05-29,Frozen,Corporate Gift,26.1
4180,2025-06-20,Beverages,Community Drive,24.5
4181,2025-06-06,Frozen,Corporate Gift,46.8
4182,2025-05-15,Dairy,Community Drive,11.0
4183,2025-02-10,Canned goods,Local Farm,1.7
4184,2025-08-24,Bakery,Individual,14.9
4185,2025-04-13,Fresh produce,Individual,34.6
4186,2025-05-19,Frozen,Local Farm,18.1
4187,2025-01-06,Dairy,Supermarket Co,49.2
4188,2025-06-30,Frozen,Community Drive,25.2
4189,2025-02-14,Beverages,Individual,47.3
4190,2025-05-25,Bakery,Corporate Gift,36.7
4191,2025-08-31,Dry goods,Corporate Gift,36.2
4192,2025-08-17,Fresh produce,Community Drive,26.7
4193,2025-03-22,Beverages,Individual,32.5
4194,2025-04-21,Dry goods,Corporate Gift,29.1
4195,2025-07-10,Frozen,Individual,24.0
4196,2025-02-14,Dairy,Individual,11.4
4197,2025-02-28,Beverages,Community Drive,35.2
4198,2025-01-22,Dairy,Corporate Gift,35.8
4199,2025-07-19,Fresh produce,Supermarket Co,35.4
4200,2025-02-11,Fresh produce,Local Farm,34.2
4201,2025-01-10,Bakery,Local Farm,1.2
4202,2025-07-27,Bakery,Community Drive,12.9
4203,2025-07-06,Dry goods,Supermarket Co,49.0
4204,2025-08-28,Dry goods,Supermarket Co,2.4
4205,2025-07-13,Beverages,Individual,5.9
4206,2025-03-29,Bakery,Individual,20.3
4207,2025-07-08,Fresh produce,Individual,13.8
4208,2025-05-30,Frozen,Community Drive,39.6
4209,2025-01-19,Frozen,Local Farm,31.4
4210,2025-06-29,Frozen,Supermarket Co,46.9
4211,2025-03-13,Dry goods,Community Drive,43.5
4212,2025-02-15,Frozen,Supermarket Co,21.6
4213,2025-04-28,Frozen,Local Farm,20.2
4214,2025-02-24,Bakery,Corporate Gift,32.9
4215,2025-07-19,Dry goods,Individual,47.5
4216,2025-07-20,Frozen,Corporate Gift,46.8
4217,2025-05-23,Frozen,Local Farm,36.9
4218,2025-08-27,Bakery,Local Farm,5.4
4219,2025-01-09,Canned goods,Community Drive,11.1
4220,2025-02-20,Fresh produce,Local Farm,41.0
4221,2025-04-09,Beverages,Corporate Gift,3.2
4222,2025-02-26,Canned goods,Supermarket Co,5.6
4223,2025-01-28,Bakery,Community Drive,37.4
4224,2025-03-03,Fresh produce,Individual,1.5
4225,2025-05-24,Canned goods,Community Drive,22.4
4226,2025-06-29,Canned goods,Local Farm,3.7
4227,2025-05-02,Dairy,Individual,9.7
4228,2025-02-05,Beverages,Community Drive,48.1
4229,2025-07-24,Frozen,Individual,9.2
4230,2025-05-20,Canned goods,Community Drive,16.8
4231,2025-03-22,Dry goods,Supermarket Co,34.3
4232,2025-03-12,Canned goods,Corporate Gift,3.7
4233,2025-06-29,Canned goods,Supermarket Co,29.4
4234,2025-01-30,Frozen,Community Drive,20.9
4235,2025-03-28,Bakery,Individual,33.7
4236,2025-05-08,Beverages,Individual,35.5
4237,2025-05-16,Beverages,Community Drive,32.6
4238,2025-01-11,Canned goods,Supermarket Co,2.1
4239,2025-01-31,Bakery,Supermarket Co,9.8
4240,2025-07-05,Beverages,Supermarket Co,49.6
4241,2025-04-18,Canned goods,Local Farm,25.8
4242,2025-02-14,Canned goods,Supermarket Co,2.0
4243,2025-06-28,Beverages,Community Drive,19.4
4244,2025-05-29,Beverages,Supermarket Co,45.8
4245,2025-02-23,Frozen,Local Farm,32.8
4246,2025-04-02,Bakery,Local Farm,34.8
4247,2025-06-17,Dry goods,Community Drive,29.5
4248,2025-07-29,Dry goods,Local Farm,38.5
4249,2025-08-24,Bakery,Community Drive,11.7
4250,2025-03-17,Frozen,Local Farm,14.1
4251,2025-06-05,Frozen,Supermarket Co,17.2
4252,2025-04-21,Beverages,Community Drive,14.5
4253,2025-07-01,Dry goods,Individual,15.0
4254,2025-04-30,Canned goods,Supermarket Co,43.8
4255,2025-04-29,Dairy,Corporate Gift,38.2
4256,2025-08-07,Fresh produce,Community Drive,8.2
4257,2025-02-22,Canned goods,Local Farm,48.0
4258,2025-05-09,Fresh produce,Community Drive,5.2
4259,2025-04-19,Beverages,Local Farm,12.4
4260,2025-01-30,Dairy,Supermarket Co,35.9
4261,2025-07-11,Bakery,Individual,35.2
4262,2025-02-12,Dry goods,Community Drive,5.6
4263,2025-07-04,Dry goods,Individual,37.3
4264,2025-04-18,Beverages,Individual,22.9
4265,2025-04-05,Beverages,Local Farm,45.3
4266,2025-06-23,Canned goods,Community Drive,33.5
4267,2025-03-28,Frozen,Community Drive,13.7
4268,2025-07-12,Beverages,Supermarket Co,46.3
4269,2025-04-11,Fresh produce,Supermarket Co,19.8
4270,2025-07-05,Canned goods,Corporate Gift,26.4
4271,2025-02-24,Fresh produce,Individual,6.3
4272,2025-09-02,Bakery,Supermarket Co,6.4
4273,2025-05-27,Canned goods,Local Farm,13.2
4274,2025-02-14,Dry goods,Community Drive,12.4
4275,2025-03-27,Fresh produce,Corporate Gift,32.2
4276,2025-09-01,Fresh produce,Community Drive,30.4
4277,2025-07-02,Frozen,Community Drive,20.9
4278,2025-05-06,Beverages,Local Farm,1.0
4279,2025-08-01,Fresh produce,Community Drive,45.5
4280,2025-01-21,Bakery,Community Drive,5.7
4281,2025-04-18,Canned goods,Community Drive,21.3
4282,2025-03-09,Beverages,Individual,31.7
4283,2025-06-04,Bakery,Individual,20.7
4284,2025-02-01,Fresh produce,Local Farm,21.5
4285,2025-05-02,Fresh produce,Corporate Gift,17.7
4286,2025-01-06,Fresh produce,Community Drive,36.9
4287,2025-03-10,Beverages,Community Drive,36.0
4288,2025-01-27,Dairy,Community Drive,31.4
4289,2025-09-07,Bakery,Local Farm,26.3
4290,2025-05-13,Canned goods,Corporate Gift,2.9
4291,2025-06-26,Canned goods,Supermarket Co,48.1
4292,2025-06-26,Dairy,Community Drive,47.6
4293,2025-04-09,Canned goods,Individual,37.3
4294,2025-05-27,Beverages,Community Drive,29.3
4295,2025-04-21,Beverages,Corporate Gift,46.0
4296,2025-02-13,Fresh produce,Individual,12.7
4297,2025-07-13,Frozen,Corporate Gift,1.6
4298,2025-06-13,Dairy,Local Farm,10.1
4299,2025-05-19,Fresh produce,Corporate Gift,11.1
4300,2025-06-24,Bakery,Corporate Gift,26.9
4301,2025-03-13,Beverages,Community Drive,16.7
4302,2025-03-22,Beverages,Community Drive,31.1
4303,2025-03-01,Dry goods,Individual,31.5
4304,2025-07-05,Bakery,Corporate Gift,15.8
4305,2025-08-28,Beverages,Corporate Gift,31.7
4306,2025-06-26,Frozen,Corporate Gift,9.5
4307,2025-04-18,Dairy,Individual,1.7
4308,2025-03-05,Fresh produce,Individual,15.7
4309,2025-02-23,Canned goods,Corporate Gift,6.4
4310,2025-02-05,Fresh produce,Corporate Gift,14.6
4311,2025-03-11,Frozen,Individual,26.6
4312,2025-03-25,Dairy,Supermarket Co,14.0
4313,2025-08-27,Dry goods,Community Drive,43.8
4314,2025-02-01,Bakery,Individual,37.8
4315,2025-07-07,Dry goods,Local Farm,26.0
4316,2025-06-29,Canned goods,Community Drive,33.6
4317,2025-08-27,Dairy,Supermarket Co,3.7
4318,2025-05-30,Dairy,Individual,22.4
4319,2025-07-27,Fresh produce,Local Farm,40.5
4320,2025-08-17,Bakery,Corporate Gift,25.1
4321,2025-04-09,Beverages,Supermarket Co,30.6
4322,2025-03-05,Canned goods,Individual,46.8
4323,2025-08-13,Fresh produce,Local Farm,17.2
4324,2025-02-21,Dairy,Individual,22.8
4325,2025-06-21,Beverages,Individual,40.6
4326,2025-02-14,Fresh produce,Supermarket Co,26.8
4327,2025-07-21,Fresh produce,Local Farm,30.9
4328,2025-02-04,Dairy,Local Farm,9.0
4329,2025-07-06,Fresh produce,Corporate Gift,31.1
4330,2025-06-26,Beverages,Community Drive,42.5
4331,2025-08-11,Beverages,Local Farm,25.8
4332,2025-07-05,Bakery,Corporate Gift,21.3
4333,2025-03-19,Dry goods,Individual,37.0
4334,2025-08-15,Fresh produce,Community Drive,31.6
4335,2025-04-15,Dairy,Community Drive,10.3
4336,2025-07-06,Frozen,Community Drive,37.5
4337,2025-05-24,Fresh produce,Local Farm,18.0
4338,2025-05-09,Canned goods,Community Drive,16.5
4339,2025-04-27,Beverages,Individual,18.7
4340,2025-01-11,Bakery,Community Drive,44.2
4341,2025-03-23,Dairy,Local Farm,30.8
4342,2025-03-12,Dairy,Supermarket Co,1.7
4343,2025-02-05,Dry goods,Local Farm,2.0
4344,2025-05-05,Dry goods,Supermarket Co,4.7
4345,2025-01-14,Beverages,Supermarket Co,39.4
4346,2025-06-11,Dry goods,Corporate Gift,27.6
4347,2025-03-20,Canned goods,Individual,28.6
4348,2025-03-26,Dairy,Local Farm,13.5
4349,2025-02-03,Bakery,Corporate Gift,16.9
4350,2025-04-02,Dry goods,Supermarket Co,6.9
4351,2025-04-26,Fresh produce,Community Drive,39.2
4352,2025-03-26,Beverages,Local Farm,46.3
4353,2025-05-03,Canned goods,Supermarket Co,14.5
4354,2025-07-31,Canned goods,Corporate Gift,5.4
4355,2025-08-31,Dairy,Local Farm,4.8
4356,2025-03-04,Frozen,Corporate Gift,19.2
4357,2025-04-29,Frozen,Individual,29.8
4358,2025-04-06,Beverages,Corporate Gift,13.4
4359,2025-07-29,Frozen,Local Farm,18.2
4360,2025-08-24,Canned goods,Individual,23.0
4361,2025-05-26,Dry goods,Local Farm,45.0
4362,2025-09-04,Frozen,Local Farm,19.8
4363,2025-03-31,Dairy,Community Drive,45.3
4364,2025-01-03,Frozen,Supermarket Co,37.4
4365,2025-05-09,Fresh produce,Community Drive,3.2
4366,2025-03-20,Dry goods,Community Drive,14.2
4367,2025-07-07,Frozen,Local Farm,36.5
4368,2025-05-05,Beverages,Community Drive,35.0
4369,2025-04-30,Bakery,Individual,36.1
4370,2025-06-16,Fresh produce,Community Drive,5.1
4371,2025-03-09,Dairy,Local Farm,34.1
4372,2025-07-29,Bakery,Corporate Gift,43.0
4373,2025-06-23,Beverages,Individual,19.9
4374,2025-05-22,Dry goods,Local Farm,27.5
4375,2025-03-18,Frozen,Corporate Gift,47.3
4376,2025-01-21,Bakery,Corporate Gift,19.3
4377,2025-01-29,Fresh produce,Local Farm,31.3
4378,2025-06-20,Dairy,Supermarket Co,37.8
4379,2025-06-25,Canned goods,Supermarket Co,1.0
4380,2025-01-07,Frozen,Supermarket Co,27.6
4381,2025-02-09,Frozen,Individual,18.4
4382,2025-02-07,Dry goods,Individual,37.5
4383,2025-08-17,Fresh produce,Individual,41.2
4384,2025-03-07,Canned goods,Individual,28.3
4385,2025-06-27,Canned goods,Supermarket Co,46.2
4386,2025-07-17,Beverages,Supermarket Co,37.4
4387,2025-04-18,Frozen,Local Farm,48.4
4388,2025-07-26,Frozen,Community Drive,16.1
4389,2025-06-24,Frozen,Community Drive,47.5
4390,2025-05-11,Fresh produce,Individual,5.3
4391,2025-06-17,Dairy,Community Drive,7.8
4392,2025-01-25,Fresh produce,Community Drive,19.1
4393,2025-04-10,Bakery,Corporate Gift,32.3
4394,2025-06-30,Beverages,Local Farm,43.3
4395,2025-04-20,Beverages,Community Drive,11.5
4396,2025-01-23,Dry goods,Corporate Gift,41.1
4397,2025-02-14,Frozen,Community Drive,6.7
4398,2025-05-02,Beverages,Supermarket Co,23.3
4399,2025-07-28,Dairy,Supermarket Co,45.0
4400,2025-02-09,Bakery,Local Farm,36.2
4401,2025-02-16,Dairy,Individual,13.2
4402,2025-06-18,Bakery,Local Farm,37.4
4403,2025-08-19,Bakery,Local Farm,46.5
4404,2025-06-05,Fresh produce,Individual,44.7
4405,2025-05-28,Fresh produce,Individual,26.0
4406,2025-06-17,Dry goods,Corporate Gift,44.6
4407,2025-07-29,Dairy,Community Drive,7.6
4408,2025-01-01,Dry goods,Local Farm,10.2
4409,2025-01-07,Bakery,Community Drive,40.3
4410,2025-01-15,Dry goods,Local Farm,2.6
4411,2025-04-26,Dairy,Supermarket Co,49.4
4412,2025-02-03,Dairy,Community Drive,12.1
4413,2025-02-19,Dry goods,Local Farm,2.7
4414,2025-07-11,Fresh produce,Corporate Gift,39.3
4415,2025-07-10,Dry goods,Individual,27.2
4416,2025-06-02,Fresh produce,Corporate Gift,25.6
4417,2025-04-16,Frozen,Community Drive,19.5
4418,2025-04-17,Bakery,Community Drive,33.0
4419,2025-02-13,Canned goods,Supermarket Co,28.0
4420,2025-02-13,Frozen,Local Farm,36.3
4421,2025-05-18,Beverages,Individual,41.8
4422,2025-07-17,Bakery,Supermarket Co,26.7
4423,2025-03-12,Dairy,Community Drive,16.6
4424,2025-01-01,Canned goods,Individual,2.6
4425,2025-08-14,Dairy,Supermarket Co,48.2
4426,2025-05-24,Fresh produce,Local Farm,25.9
4427,2025-09-06,Canned goods,Community Drive,20.3
4428,2025-01-25,Dry goods,Individual,26.0
4429,2025-01-29,Frozen,Community Drive,25.3
4430,2025-08-29,Bakery,Corporate Gift,39.6
4431,2025-05-27,Frozen,Corporate Gift,29.0
4432,2025-03-30,Dairy,Local Farm,30.3
4433,2025-08-23,Beverages,Individual,20.7
4434,2025-07-27,Frozen,Supermarket Co,27.4
4435,2025-03-23,Dry goods,Supermarket Co,37.9
4436,2025-07-02,Canned goods,Corporate Gift,22.8
4437,2025-08-06,Canned goods,Local Farm,8.6
4438,2025-08-02,Canned goods,Corporate Gift,16.0
4439,2025-03-02,Fresh produce,Individual,7.4
4440,2025-04-03,Dry goods,Supermarket Co,20.7
4441,2025-08-07,Fresh produce,Individual,28.2
4442,2025-01-28,Frozen,Individual,13.8
4443,2025-02-28,Frozen,Individual,43.5
4444,2025-07-13,Beverages,Supermarket Co,20.7
4445,2025-03-29,Bakery,Supermarket Co,12.5
4446,2025-06-06,Dry goods,Individual,14.9
4447,2025-03-06,Fresh produce,Individual,10.2
4448,2025-05-01,Canned goods,Community Drive,35.8
4449,2025-07-04,Fresh produce,Corporate Gift,15.7
4450,2025-07-18,Fresh produce,Supermarket Co,36.7
4451,2025-07-21,Fresh produce,Supermarket Co,27.5
4452,2025-06-13,Dairy,Supermarket Co,16.0
4453,2025-07-23,Frozen,Local Farm,49.6
4454,2025-06-02,Dry goods,Supermarket Co,35.6
4455,2025-07-07,Dry goods,Supermarket Co,17.3
4456,2025-04-27,Beverages,Local Farm,38.8
4457,2025-03-22,Beverages,Individual,17.1
4458,2025-04-08,Beverages,Individual,11.6
4459,2025-04-21,Frozen,Supermarket Co,4.7
4460,2025-02-25,Fresh produce,Community Drive,20.4
4461,2025-03-27,Dry goods,Local Farm,11.7
4462,2025-04-13,Dry goods,Supermarket Co,6.1
4463,2025-04-09,Frozen,Community Drive,36.3
4464,2025-05-29,Canned goods,Individual,19.0
4465,2025-09-04,Beverages,Supermarket Co,46.7
4466,2025-03-07,Dairy,Individual,6.5
4467,2025-05-06,Dry goods,Supermarket Co,48.3
4468,2025-03-04,Bakery,Supermarket Co,26.1
4469,2025-07-19,Dry goods,Corporate Gift,37.0
4470,2025-02-21,Fresh produce,Supermarket Co,29.7
4471,2025-08-23,Canned goods,Local Farm,25.7
4472,2025-02-04,Canned goods,Individual,20.6
4473,2025-02-15,Canned goods,Supermarket Co,49.0
4474,2025-02-09,Dry goods,Corporate Gift,39.4
4475,2025-08-02,Dry goods,Supermarket Co,29.2
4476,2025-03-17,Canned goods,Supermarket Co,1.4
4477,2025-04-23,Bakery,Community Drive,4.1
4478,2025-08-11,Fresh produce,Community Drive,21.1
4479,2025-02-17,Beverages,Corporate Gift,28.4
4480,2025-05-20,Dry goods,Individual,21.7
4481,2025-07-25,Frozen,Corporate Gift,19.7
4482,2025-02-03,Frozen,Individual,22.1
4483,2025-07-06,Beverages,Individual,39.1
4484,2025-03-05,Canned goods,Corporate Gift,7.9
4485,2025-07-01,Frozen,Supermarket Co,22.9
4486,2025-04-14,Dairy,Community Drive,11.3
4487,2025-01-06,Canned goods,Individual,40.9
4488,2025-06-22,Dry goods,Local Farm,6.9
4489,2025-07-24,Beverages,Individual,13.3
4490,2025-06-13,Canned goods,Supermarket Co,11.4
4491,2025-04-25,Bakery,Local Farm,1.3
4492,2025-02-07,Bakery,Local Farm,23.5
4493,2025-07-24,Bakery,Corporate Gift,45.6
4494,2025-05-16,Canned goods,Community Drive,18.2
4495,2025-01-22,Fresh produce,Local Farm,19.4
4496,2025-03-23,Bakery,Community Drive,39.3
4497,2025-03-14,Dairy,Community Drive,21.1
4498,2025-08-23,Dry goods,Supermarket Co,2.6
4499,2025-02-17,Canned goods,Corporate Gift,20.2
4500,2025-08-26,Beverages,Community Drive,36.3
4501,2025-07-18,Dairy,Community Drive,15.3
4502,2025-03-18,Fresh produce,Community Drive,19.3
4503,2025-03-18,Canned goods,Corporate Gift,21.0
4504,2025-08-08,Dairy,Corporate Gift,21.8
4505,2025-03-03,Dry goods,Local Farm,13.8
4506,2025-07-23,Dry goods,Community Drive,16.2
4507,2025-04-21,Fresh produce,Corporate Gift,23.1
4508,2025-05-26,Dry goods,Community Drive,29.0
4509,2025-09-01,Beverages,Individual,31.4
4510,2025-08-18,Dairy,Community Drive,22.4
4511,2025-03-10,Dry goods,Individual,8.5
4512,2025-04-25,Dry goods,Individual,41.2
4513,2025-06-08,Bakery,Supermarket Co,9.7
4514,2025-06-24,Bakery,Corporate Gift,18.5
4515,2025-03-25,Dairy,Local Farm,39.2
4516,2025-06-02,Frozen,Local Farm,48.5
4517,2025-02-28,Canned goods,Local Farm,34.6
4518,2025-05-29,Beverages,Local Farm,15.2
4519,2025-07-06,Dairy,Individual,38.9
4520,2025-02-01,Dry goods,Corporate Gift,47.0
4521,2025-01-04,Dairy,Community Drive,33.7
4522,2025-04-26,Beverages,Corporate Gift,16.3
4523,2025-05-22,Dry goods,Supermarket Co,6.4
4524,2025-08-23,Fresh produce,Corporate Gift,38.7
4525,2025-08-03,Canned goods,Corporate Gift,29.1
4526,2025-03-09,Dry goods,Corporate Gift,36.1
4527,2025-06-01,Canned goods,Individual,29.7
4528,2025-07-21,Canned goods,Community Drive,25.0
4529,2025-07-16,Beverages,Corporate Gift,20.5
4530,2025-06-29,Canned goods,Local Farm,13.4
4531,2025-05-31,Fresh produce,Local Farm,37.1
4532,2025-06-24,Fresh produce,Supermarket Co,17.6
4533,2025-06-22,Dairy,Corporate Gift,7.0
4534,2025-01-30,Dairy,Community Drive,1.2
4535,2025-08-06,Dairy,Supermarket Co,17.2
4536,2025-02-28,Fresh produce,Individual,8.9
4537,2025-08-20,Dairy,Community Drive,42.5
4538,2025-07-19,Bakery,Individual,15.0
4539,2025-05-10,Beverages,Community Drive,24.4
4540,2025-06-01,Beverages,Community Drive,33.4
4541,2025-08-22,Fresh produce,Local Farm,24.9
4542,2025-06-09,Dry goods,Local Farm,24.7
4543,2025-09-02,Beverages,Supermarket Co,48.6
4544,2025-03-23,Bakery,Supermarket Co,43.2
4545,2025-07-21,Dairy,Community Drive,49.2
4546,2025-03-21,Fresh produce,Corporate Gift,25.3
4547,2025-04-23,Dairy,Corporate Gift,40.1
4548,2025-07-26,Dry goods,Local Farm,47.8
4549,2025-05-27,Canned goods,Individual,8.4
4550,2025-07-16,Bakery,Individual,8.4
4551,2025-07-13,Canned goods,Supermarket Co,39.2
4552,2025-07-15,Frozen,Supermarket Co,8.6
4553,2025-03-08,Dairy,Individual,47.3
4554,2025-01-25,Canned goods,Supermarket Co,28.9
4555,2025-03-07,Bakery,Individual,33.0
4556,2025-08-27,Frozen,Local Farm,20.9
4557,2025-01-25,Fresh produce,Corporate Gift,47.2
4558,2025-07-27,Dairy,Supermarket Co,20.0
4559,2025-09-07,Beverages,Supermarket Co,11.7
4560,2025-08-12,Beverages,Supermarket Co,4.5
4561,2025-08-10,Fresh produce,Community Drive,17.7
4562,2025-02-25,Bakery,Corporate Gift,48.6
4563,2025-04-29,Bakery,Individual,42.8
4564,2025-07-21,Dairy,Supermarket Co,30.8
4565,2025-04-30,Fresh produce,Corporate Gift,10.8
4566,2025-06-21,Canned goods,Local Farm,33.0
4567,2025-02-23,Canned goods,Individual,18.7
4568,2025-07-17,Bakery,Local Farm,36.2
4569,2025-02-07,Dairy,Corporate Gift,15.9
4570,2025-04-27,Dairy,Corporate Gift,8.4
4571,2025-08-28,Frozen,Supermarket Co,6.1
4572,2025-04-17,Canned goods,Individual,29.1
4573,2025-03-19,Canned goods,Local Farm,33.1
4574,2025-04-02,Dairy,Individual,5.7
4575,2025-04-27,Fresh produce,Corporate Gift,21.8
4576,2025-01-03,Bakery,Local Farm,12.5
4577,2025-02-28,Dry goods,Corporate Gift,8.0
4578,2025-01-04,Fresh produce,Local Farm,26.4
4579,2025-01-26,Frozen,Community Drive,34.7
4580,2025-07-06,Bakery,Corporate Gift,47.3
4581,2025-06-02,Dry goods,Individual,45.6
4582,2025-07-07,Dairy,Supermarket Co,8.2
4583,2025-03-15,Beverages,Individual,18.3
4584,2025-05-10,Dry goods,Local Farm,43.9
4585,2025-05-17,Fresh produce,Individual,24.4
4586,2025-08-03,Bakery,Individual,1.7
4587,2025-06-14,Canned goods,Community Drive,41.0
4588,2025-05-19,Fresh produce,Supermarket Co,40.1
4589,2025-05-06,Fresh produce,Corporate Gift,7.5
4590,2025-06-03,Frozen,Individual,23.9
4591,2025-01-14,Dry goods,Individual,8.4
4592,2025-05-17,Fresh produce,Supermarket Co,17.5
4593,2025-06-18,Fresh produce,Corporate Gift,30.2
4594,2025-08-31,Beverages,Supermarket Co,8.9
4595,2025-04-12,Beverages,Individual,9.8
4596,2025-04-15,Beverages,Individual,48.0
4597,2025-06-30,Dry goods,Local Farm,27.4
4598,2025-06-26,Dairy,Corporate Gift,38.2
4599,2025-01-21,Beverages,Supermarket Co,41.6
4600,2025-08-21,Dry goods,Local Farm,9.5
4601,2025-01-16,Canned goods,Community Drive,12.9
4602,2025-06-11,Dry goods,Individual,40.9
4603,2025-06-16,Bakery,Corporate Gift,42.6
4604,2025-02-12,Dairy,Individual,43.1
4605,2025-01-16,Dairy,Individual,8.6
4606,2025-04-28,Bakery,Corporate Gift,24.5
4607,2025-04-27,Fresh produce,Community Drive,36.2
4608,2025-09-03,Dry goods,Supermarket Co,11.6
4609,2025-01-01,Canned goods,Individual,5.3
4610,2025-08-27,Beverages,Local Farm,15.9
4611,2025-06-09,Bakery,Community Drive,5.5
4612,2025-04-04,Dry goods,Corporate Gift,24.3
4613,2025-04-03,Bakery,Corporate Gift,29.1
4614,2025-05-18,Canned goods,Supermarket Co,3.6
4615,2025-05-12,Frozen,Local Farm,40.6
4616,2025-02-07,Dairy,Supermarket Co,48.7
4617,2025-06-28,Beverages,Community Drive,13.6
4618,2025-04-13,Beverages,Local Farm,42.3
4619,2025-08-15,Fresh produce,Individual,37.8
4620,2025-08-24,Fresh produce,Community Drive,25.8
4621,2025-03-04,Fresh produce,Community Drive,30.0
4622,2025-05-02,Dairy,Local Farm,45.3
4623,2025-08-26,Fresh produce,Corporate Gift,39.7
4624,2025-02-05,Dairy,Local Farm,13.3
4625,2025-06-14,Fresh produce,Local Farm,31.2
4626,2025-04-03,Fresh produce,Local Farm,3.6
4627,2025-04-02,Beverages,Individual,20.7
4628,2025-03-25,Frozen,Community Drive,19.8
4629,2025-01-08,Frozen,Local Farm,10.8
4630,2025-03-26,Canned goods,Individual,24.6
4631,2025-01-04,Frozen,Corporate Gift,46.6
4632,2025-03-02,Canned goods,Local Farm,3.0
4633,2025-01-27,Dairy,Local Farm,34.1
4634,2025-07-31,Canned goods,Local Farm,45.4
4635,2025-02-25,Fresh produce,Community Drive,32.5
4636,2025-02-16,Dry goods,Individual,35.3
4637,2025-08-17,Beverages,Community Drive,49.3
4638,2025-02-22,Frozen,Local Farm,5.0
4639,2025-07-17,Dairy,Corporate Gift,3.1
4640,2025-05-30,Bakery,Individual,36.9
4641,2025-01-11,Canned goods,Supermarket Co,8.2
4642,2025-09-03,Dry goods,Supermarket Co,43.6
4643,2025-01-31,Fresh produce,Individual,47.7
4644,2025-04-15,Fresh produce,Community Drive,12.7
4645,2025-05-26,Bakery,Individual,7.2
4646,2025-06-15,Beverages,Supermarket Co,46.6
4647,2025-03-06,Dry goods,Individual,48.7
4648,2025-05-14,Beverages,Corporate Gift,30.2
4649,2025-02-13,Bakery,Supermarket Co,2.4
4650,2025-05-17,Dairy,Community Drive,8.5
4651,2025-06-06,Dairy,Supermarket Co,6.9
4652,2025-07-18,Dry goods,Supermarket Co,37.8
4653,2025-04-18,Canned goods,Supermarket Co,44.7
4654,2025-02-12,Bakery,Individual,20.7
4655,2025-04-22,Frozen,Supermarket Co,14.0
4656,2025-05-10,Canned goods,Individual,9.3
4657,2025-01-16,Bakery,Supermarket Co,6.5
4658,2025-01-23,Dairy,Local Farm,36.8
4659,2025-08-17,Beverages,Corporate Gift,5.0
4660,2025-06-09,Dairy,Individual,18.5
4661,2025-08-26,Canned goods,Corporate Gift,29.3
4662,2025-07-12,Canned goods,Community Drive,45.5
4663,2025-05-12,Dairy,Supermarket Co,16.2
4664,2025-06-05,Beverages,Local Farm,16.3
4665,2025-07-26,Dairy,Corporate Gift,27.4
4666,2025-03-27,Fresh produce,Community Drive,10.8
4667,2025-07-09,Fresh produce,Individual,42.5
4668,2025-03-21,Dry goods,Local Farm,14.4
4669,2025-05-29,Dairy,Community Drive,25.3
4670,2025-08-26,Beverages,Corporate Gift,15.9
4671,2025-08-18,Frozen,Local Farm,40.0
4672,2025-08-07,Dry goods,Community Drive,28.2
4673,2025-01-11,Canned goods,Supermarket Co,31.4
4674,2025-04-22,Bakery,Community Drive,10.9
4675,2025-02-26,Frozen,Individual,11.3
4676,2025-03-01,Dairy,Individual,35.0
4677,2025-03-03,Canned goods,Community Drive,11.8
4678,2025-03-06,Dairy,Corporate Gift,41.2
4679,2025-01-06,Beverages,Individual,37.0
4680,2025-05-19,Fresh produce,Corporate Gift,12.5
4681,2025-07-05,Canned goods,Local Farm,36.5
4682,2025-07-24,Dry goods,Supermarket Co,34.4
4683,2025-06-18,Dry goods,Local Farm,15.7
4684,2025-04-29,Canned goods,Community Drive,28.6
4685,2025-03-20,Beverages,Community Drive,10.9
4686,2025-04-01,Beverages,Corporate Gift,18.3
4687,2025-06-27,Bakery,Local Farm,2.8
4688,2025-08-30,Canned goods,Community Drive,22.0
4689,2025-03-18,Beverages,Individual,28.1
4690,2025-05-23,Beverages,Local Farm,32.6
4691,2025-08-11,Frozen,Community Drive,48.5
4692,2025-08-16,Dry goods,Local Farm,30.9
4693,2025-08-24,Dry goods,Local Farm,12.9
4694,2025-08-21,Canned goods,Local Farm,33.5
4695,2025-07-18,Canned goods,Individual,4.7
4696,2025-06-06,Canned goods,Individual,12.8
4697,2025-05-02,Dry goods,Corporate Gift,41.6
4698,2025-05-14,Dry goods,Community Drive,26.5
4699,2025-06-05,Dairy,Supermarket Co,46.7
4700,2025-04-16,Fresh produce,Supermarket Co,46.7
4701,2025-08-17,Dry goods,Supermarket Co,27.9
4702,2025-07-13,Frozen,Supermarket Co,47.1
4703,2025-08-12,Dairy,Individual,23.7
4704,2025-06-14,Bakery,Local Farm,17.6
4705,2025-06-10,Canned goods,Corporate Gift,40.3
4706,2025-05-25,Bakery,Local Farm,43.7
4707,2025-08-09,Frozen,Corporate Gift,47.3
4708,2025-09-06,Dry goods,Local Farm,32.3
4709,2025-07-09,Bakery,Corporate Gift,33.1
4710,2025-04-29,Beverages,Individual,9.0
4711,2025-04-29,Canned goods,Corporate Gift,37.0
4712,2025-01-09,Bakery,Community Drive,7.5
4713,2025-07-28,Canned goods,Individual,29.3
4714,2025-02-09,Bakery,Supermarket Co,42.8
4715,2025-03-12,Bakery,Individual,31.5
4716,2025-04-12,Canned goods,Community Drive,15.9
4717,2025-04-20,Dry goods,Supermarket Co,33.3
4718,2025-07-17,Frozen,Corporate Gift,1.7
4719,2025-03-19,Dry goods,Supermarket Co,28.7
4720,2025-09-04,Canned goods,Community Drive,21.6
4721,2025-06-05,Canned goods,Supermarket Co,12.1
4722,2025-07-28,Fresh produce,Supermarket Co,14.0
4723,2025-05-16,Frozen,Local Farm,34.6
4724,2025-02-07,Dairy,Supermarket Co,44.2
4725,2025-01-13,Dairy,Corporate Gift,43.9
4726,2025-07-25,Canned goods,Supermarket Co,34.7
4727,2025-07-19,Frozen,Community Drive,30.2
4728,2025-06-27,Fresh produce,Community Drive,27.9
4729,2025-01-07,Dairy,Local Farm,18.3
4730,2025-04-13,Beverages,Local Farm,24.1
4731,2025-04-15,Fresh produce,Community Drive,39.1
4732,2025-03-31,Dry goods,Supermarket Co,38.1
4733,2025-07-04,Fresh produce,Individual,33.6
4734,2025-02-26,Fresh produce,Individual,25.4
4735,2025-05-02,Frozen,Community Drive,4.4
4736,2025-03-11,Canned goods,Local Farm,42.9
4737,2025-02-23,Canned goods,Individual,25.5
4738,2025-08-17,Bakery,Local Farm,43.6
4739,2025-04-12,Beverages,Individual,45.5
4740,2025-01-10,Canned goods,Supermarket Co,7.3
4741,2025-05-15,Dry goods,Corporate Gift,48.0
4742,2025-08-23,Canned goods,Community Drive,25.6
4743,2025-05-26,Dairy,Corporate Gift,44.7
4744,2025-05-26,Fresh produce,Corporate Gift,40.2
4745,2025-02-10,Beverages,Supermarket Co,37.2
4746,2025-02-21,Beverages,Corporate Gift,36.5
4747,2025-08-11,Beverages,Local Farm,23.3
4748,2025-08-10,Dairy,Corporate Gift,3.7
4749,2025-02-19,Bakery,Individual,49.6
4750,2025-03-16,Fresh produce,Corporate Gift,14.4
4751,2025-05-20,Canned goods,Corporate Gift,26.6
4752,2025-02-06,Canned goods,Community Drive,19.5
4753,2025-05-18,Beverages,Corporate Gift,30.3
4754,2025-04-18,Bakery,Corporate Gift,14.8
4755,2025-04-08,Bakery,Local Farm,32.9
4756,2025-01-01,Dry goods,Individual,49.1
4757,2025-03-05,Fresh produce,Supermarket Co,26.0
4758,2025-09-06,Frozen,Individual,37.9
4759,2025-03-27,Fresh produce,Local Farm,46.9
4760,2025-02-02,Frozen,Supermarket Co,17.8
4761,2025-06-10,Dry goods,Individual,49.2
4762,2025-03-27,Dairy,Individual,32.0
4763,2025-01-02,Fresh produce,Corporate Gift,26.6
4764,2025-04-10,Frozen,Individual,26.1
4765,2025-06-02,Dry goods,Community Drive,6.6
4766,2025-01-13,Frozen,Individual,10.5
4767,2025-04-06,Fresh produce,Individual,28.5
4768,2025-05-25,Frozen,Supermarket Co,39.3
4769,2025-06-13,Fresh produce,Community Drive,46.5
4770,2025-06-15,Fresh produce,Supermarket Co,32.5
4771,2025-02-05,Bakery,Corporate Gift,22.1
4772,2025-05-01,Dry goods,Corporate Gift,35.0
4773,2025-02-14,Dairy,Corporate Gift,46.5
4774,2025-08-06,Bakery,Corporate Gift,28.7
4775,2025-02-06,Beverages,Local Farm,19.0
4776,2025-07-25,Fresh produce,Supermarket Co,42.2
4777,2025-08-23,Dry goods,Corporate Gift,36.2
4778,2025-02-15,Dairy,Individual,8.5
4779,2025-06-28,Beverages,Individual,21.1
4780,2025-05-04,Canned goods,Supermarket Co,15.0
4781,2025-05-06,Canned goods,Local Farm,22.7
4782,2025-02-03,Bakery,Corporate Gift,46.6
4783,2025-05-07,Frozen,Community Drive,31.5
4784,2025-08-27,Dry goods,Individual,46.5
4785,2025-06-04,Frozen,Supermarket Co,23.1
4786,2025-02-19,Frozen,Supermarket Co,22.5
4787,2025-06-27,Beverages,Corporate Gift,37.8
4788,2025-08-15,Beverages,Community Drive,23.8
4789,2025-03-30,Dry goods,Individual,19.2
4790,2025-02-10,Canned goods,Supermarket Co,7.9
4791,2025-02-25,Fresh produce,Local Farm,15.7
4792,2025-02-27,Dairy,Community Drive,10.8
4793,2025-04-21,Bakery,Supermarket Co,6.3
4794,2025-02-17,Frozen,Local Farm,45.9
4795,2025-04-01,Canned goods,Supermarket Co,27.2
4796,2025-02-21,Fresh produce,Local Farm,38.9
4797,2025-03-31,Dry goods,Local Farm,10.1
4798,2025-03-18,Canned goods,Corporate Gift,22.4
4799,2025-08-11,Dairy,Supermarket Co,25.8
4800,2025-03-20,Frozen,Individual,1.7
4801,2025-02-03,Dry goods,Local Farm,18.1
4802,2025-07-14,Dairy,Community Drive,37.2
4803,2025-06-02,Frozen,Corporate Gift,26.6
4804,2025-06-15,Fresh produce,Corporate Gift,47.2
4805,2025-05-30,Canned goods,Supermarket Co,14.8
4806,2025-08-18,Bakery,Individual,49.8
4807,2025-06-15,Beverages,Local Farm,41.1
4808,2025-06-17,Canned goods,Community Drive,48.8
4809,2025-01-13,Dairy,Corporate Gift,22.0
4810,2025-04-13,Frozen,Community Drive,29.8
4811,2025-03-15,Bakery,Corporate Gift,3.6
4812,2025-07-19,Dairy,Supermarket Co,1.3
4813,2025-02-22,Bakery,Community Drive,1.4
4814,2025-03-06,Canned goods,Community Drive,19.6
4815,2025-04-20,Beverages,Individual,32.6
4816,2025-05-21,Dry goods,Local Farm,26.9
4817,2025-05-31,Bakery,Individual,34.3
4818,2025-01-12,Beverages,Local Farm,32.4
4819,2025-03-05,Fresh produce,Individual,12.3
4820,2025-08-26,Canned goods,Corporate Gift,35.9
4821,2025-08-25,Bakery,Local Farm,36.9
4822,2025-08-31,Beverages,Local Farm,41.5
4823,2025-08-31,Fresh produce,Local Farm,31.2
4824,2025-02-13,Dry goods,Individual,2.9
4825,2025-06-12,Dry goods,Community Drive,10.9
4826,2025-04-01,Fresh produce,Corporate Gift,4.0
4827,2025-03-06,Canned goods,Community Drive,1.6
4828,2025-07-23,Bakery,Individual,39.1
4829,2025-05-24,Frozen,Corporate Gift,4.5
4830,2025-07-05,Dairy,Community Drive,20.3
4831,2025-04-24,Frozen,Individual,5.3
4832,2025-01-28,Dry goods,Community Drive,37.3
4833,2025-05-28,Beverages,Corporate Gift,26.9
4834,2025-06-16,Fresh produce,Corporate Gift,40.8
4835,2025-01-09,Bakery,Supermarket Co,37.4
4836,2025-01-14,Frozen,Local Farm,5.0
4837,2025-04-07,Beverages,Local Farm,49.1
4838,2025-04-01,Dairy,Local Farm,13.8
4839,2025-02-02,Bakery,Corporate Gift,18.9
4840,2025-08-27,Dairy,Individual,16.8
4841,2025-04-13,Frozen,Supermarket Co,20.5
4842,2025-07-21,Dairy,Community Drive,6.4
4843,2025-05-20,Beverages,Community Drive,31.0
4844,2025-06-07,Dairy,Local Farm,1.0
4845,2025-03-10,Beverages,Individual,25.5
4846,2025-05-14,Frozen,Corporate Gift,26.9
4847,2025-07-04,Fresh produce,Community Drive,2.1
4848,2025-02-17,Frozen,Corporate Gift,10.1
4849,2025-04-12,Dairy,Supermarket Co,8.5
4850,2025-09-05,Beverages,Local Farm,21.3
4851,2025-06-01,Fresh produce,Corporate Gift,23.1
4852,2025-03-19,Fresh produce,Community Drive,35.3
4853,2025-01-21,Frozen,Supermarket Co,49.9
4854,2025-03-29,Beverages,Local Farm,10.5
4855,2025-06-19,Dairy,Local Farm,17.3
4856,2025-04-17,Dry goods,Corporate Gift,39.3
4857,2025-08-02,Canned goods,Corporate Gift,14.4
4858,2025-05-19,Bakery,Local Farm,11.9
4859,2025-02-10,Beverages,Supermarket Co,15.7
4860,2025-01-07,Dairy,Individual,33.8
4861,2025-08-14,Fresh produce,Corporate Gift,45.2
4862,2025-04-04,Canned goods,Corporate Gift,11.8
4863,2025-02-25,Bakery,Corporate Gift,9.8
4864,2025-02-24,Bakery,Individual,36.3
4865,2025-05-02,Dairy,Corporate Gift,42.3
4866,2025-07-07,Dairy,Supermarket Co,30.2
4867,2025-02-05,Dairy,Local Farm,40.9
4868,2025-07-18,Frozen,Supermarket Co,1.7
4869,2025-03-05,Frozen,Corporate Gift,42.9
4870,2025-01-18,Beverages,Local Farm,34.7
4871,2025-01-05,Dairy,Local Farm,15.4
4872,2025-04-20,Dairy,Local Farm,22.2
4873,2025-01-30,Dairy,Supermarket Co,47.9
4874,2025-05-29,Fresh produce,Local Farm,48.7
4875,2025-03-07,Fresh produce,Corporate Gift,45.6
4876,2025-02-27,Bakery,Corporate Gift,25.0
4877,2025-03-02,Frozen,Corporate Gift,46.9
4878,2025-06-11,Fresh produce,Corporate Gift,2.3
4879,2025-04-24,Beverages,Community Drive,41.1
4880,2025-01-10,Bakery,Local Farm,37.1
4881,2025-03-09,Fresh produce,Supermarket Co,28.1
4882,2025-01-29,Bakery,Local Farm,40.0
4883,2025-01-19,Fresh produce,Corporate Gift,38.4
4884,2025-05-27,Frozen,Supermarket Co,25.1
4885,2025-07-01,Bakery,Community Drive,19.5
4886,2025-05-11,Dry goods,Corporate Gift,29.6
4887,2025-03-26,Canned goods,Individual,32.6
4888,2025-08-30,Dairy,Corporate Gift,12.2
4889,2025-05-10,Fresh produce,Individual,10.3
4890,2025-08-18,Dairy,Corporate Gift,4.5
4891,2025-08-20,Canned goods,Supermarket Co,47.6
4892,2025-06-05,Dry goods,Community Drive,37.5
4893,2025-07-19,Beverages,Individual,16.1
4894,2025-08-24,Dry goods,Corporate Gift,23.1
4895,2025-07-04,Canned goods,Community Drive,44.9
4896,2025-04-17,Dry goods,Local Farm,43.9
4897,2025-05-26,Dairy,Supermarket Co,8.1
4898,2025-05-27,Fresh produce,Supermarket Co,15.9
4899,2025-07-04,Fresh produce,Local Farm,16.4
4900,2025-07-28,Dairy,Individual,27.7
4901,2025-09-04,Beverages,Supermarket Co,44.1
4902,2025-01-08,Canned goods,Corporate Gift,16.9
4903,2025-06-23,Frozen,Supermarket Co,20.6
4904,2025-01-01,Dry goods,Local Farm,19.5
4905,2025-03-19,Dry goods,Supermarket Co,32.7
4906,2025-07-04,Dry goods,Local Farm,40.8
4907,2025-02-10,Dry goods,Local Farm,30.3
4908,2025-03-10,Frozen,Individual,34.5
4909,2025-03-01,Fresh produce,Individual,36.0
4910,2025-06-27,Beverages,Supermarket Co,12.4
4911,2025-06-10,Canned goods,Local Farm,28.3
4912,2025-06-06,Canned goods,Supermarket Co,7.5
4913,2025-03-03,Frozen,Corporate Gift,43.9
4914,2025-02-12,Dairy,Individual,38.5
4915,2025-06-07,Canned goods,Local Farm,9.5
4916,2025-08-06,Canned goods,Community Drive,5.1
4917,2025-03-21,Dairy,Supermarket Co,21.2
4918,2025-07-26,Canned goods,Local Farm,10.2
4919,2025-05-03,Beverages,Community Drive,27.0
4920,2025-03-16,Dry goods,Community Drive,35.9
4921,2025-02-15,Beverages,Corporate Gift,38.3
4922,2025-04-27,Frozen,Individual,28.4
4923,2025-09-01,Dairy,Corporate Gift,19.1
4924,2025-01-29,Fresh produce,Community Drive,10.0
4925,2025-08-22,Fresh produce,Community Drive,44.6
4926,2025-06-07,Bakery,Local Farm,24.8
4927,2025-08-03,Dry goods,Community Drive,40.3
4928,2025-06-22,Frozen,Individual,44.7
4929,2025-05-08,Frozen,Individual,19.4
4930,2025-06-01,Dairy,Community Drive,27.2
4931,2025-01-09,Fresh produce,Supermarket Co,46.3
4932,2025-03-28,Frozen,Community Drive,47.0
4933,2025-01-13,Bakery,Supermarket Co,31.2
4934,2025-06-08,Fresh produce,Community Drive,34.2
4935,2025-08-25,Canned goods,Individual,31.3
4936,2025-09-01,Fresh produce,Supermarket Co,38.5
4937,2025-04-10,Canned goods,Community Drive,3.6
4938,2025-06-10,Canned goods,Corporate Gift,32.3
4939,2025-07-21,Beverages,Corporate Gift,15.8
4940,2025-01-25,Canned goods,Corporate Gift,5.0
4941,2025-03-03,Frozen,Community Drive,36.4
4942,2025-03-23,Bakery,Local Farm,8.2
4943,2025-07-28,Bakery,Corporate Gift,31.4
4944,2025-07-30,Frozen,Corporate Gift,33.0
4945,2025-03-02,Bakery,Corporate Gift,3.8
4946,2025-07-31,Canned goods,Corporate Gift,5.7
4947,2025-04-27,Fresh produce,Supermarket Co,17.8
4948,2025-02-20,Beverages,Supermarket Co,34.1
4949,2025-03-02,Dairy,Individual,2.0
4950,2025-01-07,Bakery,Community Drive,14.4
4951,2025-01-30,Frozen,Supermarket Co,11.5
4952,2025-08-25,Frozen,Local Farm,24.4
4953,2025-02-05,Beverages,Supermarket Co,24.5
4954,2025-06-01,Beverages,Supermarket Co,8.4
4955,2025-08-16,Bakery,Local Farm,38.3
4956,2025-04-20,Dry goods,Supermarket Co,36.6
4957,2025-05-08,Bakery,Individual,30.6
4958,2025-07-17,Fresh produce,Supermarket Co,36.7
4959,2025-07-20,Canned goods,Community Drive,31.0
4960,2025-09-03,Dry goods,Individual,30.7
4961,2025-07-08,Bakery,Individual,20.1
4962,2025-05-29,Canned goods,Supermarket Co,4.6
4963,2025-04-13,Fresh produce,Supermarket Co,16.5
4964,2025-06-13,Frozen,Community Drive,15.1
4965,2025-03-07,Frozen,Community Drive,44.2
4966,2025-03-31,Frozen,Corporate Gift,25.5
4967,2025-03-07,Canned goods,Individual,17.9
4968,2025-06-30,Dairy,Individual,15.7
4969,2025-04-10,Bakery,Local Farm,48.0
4970,2025-03-14,Bakery,Supermarket Co,43.8
4971,2025-07-27,Beverages,Corporate Gift,6.8
4972,2025-02-12,Canned goods,Corporate Gift,16.6
4973,2025-08-21,Bakery,Individual,5.3
4974,2025-04-08,Dry goods,Individual,2.5
4975,2025-08-19,Bakery,Community Drive,7.4
4976,2025-04-28,Dairy,Local Farm,29.2
4977,2025-06-07,Fresh produce,Individual,43.2
4978,2025-05-10,Frozen,Individual,2.2
4979,2025-05-06,Dairy,Local Farm,34.2
4980,2025-05-26,Dairy,Corporate Gift,18.4
4981,2025-06-10,Dairy,Supermarket Co,30.5
4982,2025-03-23,Fresh produce,Individual,24.1
4983,2025-06-30,Dry goods,Supermarket Co,48.5
4984,2025-07-23,Dairy,Corporate Gift,48.7
4985,2025-04-07,Frozen,Individual,30.3
4986,2025-04-30,Dry goods,Local Farm,36.6
4987,2025-08-19,Fresh produce,Individual,9.0
4988,2025-06-01,Frozen,Supermarket Co,27.5
4989,2025-02-15,Frozen,Community Drive,33.1
4990,2025-03-04,Frozen,Corporate Gift,47.7
4991,2025-08-15,Frozen,Supermarket Co,47.1
4992,2025-05-07,Canned goods,Community Drive,32.5
4993,2025-01-01,Fresh produce,Corporate Gift,35.1
4994,2025-06-11,Bakery,Community Drive,16.5
4995,2025-01-07,Frozen,Supermarket Co,16.9
4996,2025-05-02,Dairy,Corporate Gift,25.9
4997,2025-08-03,Bakery,Individual,46.2
4998,2025-05-15,Fresh produce,Supermarket Co,26.3
4999,2025-02-11,Frozen,Local Farm,30.5
